Sample	PlasmidFamily	RepliconAllele	Accession	Identity	Coverage	HSP_length	Template_length	Positions_in_contig	Contig_name	Note	Hit_id
GCA_002038285.1	IncFIB(S)	IncFIB(S)_1__FN432031	FN432031	98.91	100.0	643	643	40564..41206	MZPH01000011.1 Salmonella enterica subsp. enterica serovar Enteritidis strain CFSAN057660 CFSAN057660_contig_11, whole genome shotgun sequence		MZPH01000011.1 Salmonella enterica subsp. enterica serovar Enteritidis strain CFSAN057660 CFSAN057660_contig_11, whole genome shotgun sequence:40564..41206:IncFIB(S)_1__FN432031:98.911353
GCA_002038285.1	IncFII(S)	IncFII(S)_1__CP000858	CP000858	100.0	100.0	262	262	3877..4138	MZPH01000031.1 Salmonella enterica subsp. enterica serovar Enteritidis strain CFSAN057660 CFSAN057660_contig_34, whole genome shotgun sequence		MZPH01000031.1 Salmonella enterica subsp. enterica serovar Enteritidis strain CFSAN057660 CFSAN057660_contig_34, whole genome shotgun sequence:3877..4138:IncFII(S)_1__CP000858:100.000000
GCA_002038445.1	IncFII(S)	IncFII(S)_1__CP000858	CP000858	100.0	100.0	262	262	1970..2231	MZPT01000036.1 Salmonella enterica subsp. enterica serovar Enteritidis strain CFSAN057672 CFSAN057672_contig_36, whole genome shotgun sequence		MZPT01000036.1 Salmonella enterica subsp. enterica serovar Enteritidis strain CFSAN057672 CFSAN057672_contig_36, whole genome shotgun sequence:1970..2231:IncFII(S)_1__CP000858:100.000000
GCA_002038445.1	IncFIB(S)	IncFIB(S)_1__FN432031	FN432031	98.91	100.0	643	643	504..1146	MZPT01000042.1 Salmonella enterica subsp. enterica serovar Enteritidis strain CFSAN057672 CFSAN057672_contig_44, whole genome shotgun sequence		MZPT01000042.1 Salmonella enterica subsp. enterica serovar Enteritidis strain CFSAN057672 CFSAN057672_contig_44, whole genome shotgun sequence:504..1146:IncFIB(S)_1__FN432031:98.911353
GCA_002038485.1	IncFIB(S)	IncFIB(S)_1__FN432031	FN432031	98.91	100.0	643	643	40558..41200	MZPZ01000018.1 Salmonella enterica subsp. enterica serovar Enteritidis strain CFSAN057678 CFSAN057678_contig_18, whole genome shotgun sequence		MZPZ01000018.1 Salmonella enterica subsp. enterica serovar Enteritidis strain CFSAN057678 CFSAN057678_contig_18, whole genome shotgun sequence:40558..41200:IncFIB(S)_1__FN432031:98.911353
GCA_002038485.1	IncFII(S)	IncFII(S)_1__CP000858	CP000858	100.0	100.0	262	262	3881..4142	MZPZ01000022.1 Salmonella enterica subsp. enterica serovar Enteritidis strain CFSAN057678 CFSAN057678_contig_23, whole genome shotgun sequence		MZPZ01000022.1 Salmonella enterica subsp. enterica serovar Enteritidis strain CFSAN057678 CFSAN057678_contig_23, whole genome shotgun sequence:3881..4142:IncFII(S)_1__CP000858:100.000000
GCA_002038585.1	IncFII(S)	IncFII(S)_1__CP000858	CP000858	100.0	100.0	262	262	3881..4142	MZQH01000031.1 Salmonella enterica subsp. enterica serovar Enteritidis strain CFSAN057686 CFSAN057686_contig_32, whole genome shotgun sequence		MZQH01000031.1 Salmonella enterica subsp. enterica serovar Enteritidis strain CFSAN057686 CFSAN057686_contig_32, whole genome shotgun sequence:3881..4142:IncFII(S)_1__CP000858:100.000000
GCA_002038585.1	IncFIB(S)	IncFIB(S)_1__FN432031	FN432031	98.91	100.0	643	643	40563..41205	MZQH01000025.1 Salmonella enterica subsp. enterica serovar Enteritidis strain CFSAN057686 CFSAN057686_contig_26, whole genome shotgun sequence		MZQH01000025.1 Salmonella enterica subsp. enterica serovar Enteritidis strain CFSAN057686 CFSAN057686_contig_26, whole genome shotgun sequence:40563..41205:IncFIB(S)_1__FN432031:98.911353
GCA_002038665.1	IncFIB(S)	IncFIB(S)_1__FN432031	FN432031	98.91	100.0	643	643	9609..10251	MZQJ01000014.1 Salmonella enterica subsp. enterica serovar Enteritidis strain CFSAN057688 CFSAN057688_contig_14, whole genome shotgun sequence		MZQJ01000014.1 Salmonella enterica subsp. enterica serovar Enteritidis strain CFSAN057688 CFSAN057688_contig_14, whole genome shotgun sequence:9609..10251:IncFIB(S)_1__FN432031:98.911353
GCA_002038665.1	IncFII(S)	IncFII(S)_1__CP000858	CP000858	100.0	100.0	262	262	54233..54494	MZQJ01000014.1 Salmonella enterica subsp. enterica serovar Enteritidis strain CFSAN057688 CFSAN057688_contig_14, whole genome shotgun sequence		MZQJ01000014.1 Salmonella enterica subsp. enterica serovar Enteritidis strain CFSAN057688 CFSAN057688_contig_14, whole genome shotgun sequence:54233..54494:IncFII(S)_1__CP000858:100.000000
GCA_002038705.1	IncFIB(S)	IncFIB(S)_1__FN432031	FN432031	98.91	100.0	643	643	9610..10252	MZQO01000025.1 Salmonella enterica subsp. enterica serovar Enteritidis strain CFSAN057693 CFSAN057693_contig_26, whole genome shotgun sequence		MZQO01000025.1 Salmonella enterica subsp. enterica serovar Enteritidis strain CFSAN057693 CFSAN057693_contig_26, whole genome shotgun sequence:9610..10252:IncFIB(S)_1__FN432031:98.911353
GCA_002038705.1	IncFII(S)	IncFII(S)_1__CP000858	CP000858	100.0	100.0	262	262	3446..3707	MZQO01000032.1 Salmonella enterica subsp. enterica serovar Enteritidis strain CFSAN057693 CFSAN057693_contig_33, whole genome shotgun sequence		MZQO01000032.1 Salmonella enterica subsp. enterica serovar Enteritidis strain CFSAN057693 CFSAN057693_contig_33, whole genome shotgun sequence:3446..3707:IncFII(S)_1__CP000858:100.000000
GCA_002038715.1	IncFIB(S)	IncFIB(S)_1__FN432031	FN432031	98.91	100.0	643	643	40561..41203	MZQP01000021.1 Salmonella enterica subsp. enterica serovar Enteritidis strain CFSAN057694 CFSAN057694_contig_21, whole genome shotgun sequence		MZQP01000021.1 Salmonella enterica subsp. enterica serovar Enteritidis strain CFSAN057694 CFSAN057694_contig_21, whole genome shotgun sequence:40561..41203:IncFIB(S)_1__FN432031:98.911353
GCA_002038715.1	IncFII(S)	IncFII(S)_1__CP000858	CP000858	100.0	100.0	262	262	3446..3707	MZQP01000015.1 Salmonella enterica subsp. enterica serovar Enteritidis strain CFSAN057694 CFSAN057694_contig_15, whole genome shotgun sequence		MZQP01000015.1 Salmonella enterica subsp. enterica serovar Enteritidis strain CFSAN057694 CFSAN057694_contig_15, whole genome shotgun sequence:3446..3707:IncFII(S)_1__CP000858:100.000000
GCA_002038865.1	IncFIB(S)	IncFIB(S)_1__FN432031	FN432031	98.91	100.0	643	643	9610..10252	MZRG01000014.1 Salmonella enterica subsp. enterica serovar Enteritidis strain CFSAN057711 CFSAN057711_contig_14, whole genome shotgun sequence		MZRG01000014.1 Salmonella enterica subsp. enterica serovar Enteritidis strain CFSAN057711 CFSAN057711_contig_14, whole genome shotgun sequence:9610..10252:IncFIB(S)_1__FN432031:98.911353
GCA_002038865.1	IncFII(S)	IncFII(S)_1__CP000858	CP000858	100.0	100.0	262	262	3881..4142	MZRG01000030.1 Salmonella enterica subsp. enterica serovar Enteritidis strain CFSAN057711 CFSAN057711_contig_31, whole genome shotgun sequence		MZRG01000030.1 Salmonella enterica subsp. enterica serovar Enteritidis strain CFSAN057711 CFSAN057711_contig_31, whole genome shotgun sequence:3881..4142:IncFII(S)_1__CP000858:100.000000
GCA_002038945.1	IncFIB(S)	IncFIB(S)_1__FN432031	FN432031	98.91	100.0	643	643	40558..41200	MZRE01000024.1 Salmonella enterica subsp. enterica serovar Enteritidis strain CFSAN057709 CFSAN057709_contig_24, whole genome shotgun sequence		MZRE01000024.1 Salmonella enterica subsp. enterica serovar Enteritidis strain CFSAN057709 CFSAN057709_contig_24, whole genome shotgun sequence:40558..41200:IncFIB(S)_1__FN432031:98.911353
GCA_002038945.1	IncFII(S)	IncFII(S)_1__CP000858	CP000858	100.0	100.0	262	262	3881..4142	MZRE01000022.1 Salmonella enterica subsp. enterica serovar Enteritidis strain CFSAN057709 CFSAN057709_contig_22, whole genome shotgun sequence		MZRE01000022.1 Salmonella enterica subsp. enterica serovar Enteritidis strain CFSAN057709 CFSAN057709_contig_22, whole genome shotgun sequence:3881..4142:IncFII(S)_1__CP000858:100.000000
GCA_002038965.1	IncFII(S)	IncFII(S)_1__CP000858	CP000858	100.0	100.0	262	262	3443..3704	MZRO01000030.1 Salmonella enterica subsp. enterica serovar Enteritidis strain CFSAN057719 CFSAN057719_contig_31, whole genome shotgun sequence		MZRO01000030.1 Salmonella enterica subsp. enterica serovar Enteritidis strain CFSAN057719 CFSAN057719_contig_31, whole genome shotgun sequence:3443..3704:IncFII(S)_1__CP000858:100.000000
GCA_002038965.1	IncFIB(S)	IncFIB(S)_1__FN432031	FN432031	98.91	100.0	643	643	40552..41194	MZRO01000028.1 Salmonella enterica subsp. enterica serovar Enteritidis strain CFSAN057719 CFSAN057719_contig_28, whole genome shotgun sequence		MZRO01000028.1 Salmonella enterica subsp. enterica serovar Enteritidis strain CFSAN057719 CFSAN057719_contig_28, whole genome shotgun sequence:40552..41194:IncFIB(S)_1__FN432031:98.911353
GCA_002039125.1	IncFII(S)	IncFII(S)_1__CP000858	CP000858	100.0	100.0	262	262	3975..4236	MZRS01000023.1 Salmonella enterica subsp. enterica serovar Enteritidis strain CFSAN057723 CFSAN057723_contig_24, whole genome shotgun sequence		MZRS01000023.1 Salmonella enterica subsp. enterica serovar Enteritidis strain CFSAN057723 CFSAN057723_contig_24, whole genome shotgun sequence:3975..4236:IncFII(S)_1__CP000858:100.000000
GCA_002039125.1	IncFIB(S)	IncFIB(S)_1__FN432031	FN432031	98.91	100.0	643	643	34313..34955	MZRS01000024.1 Salmonella enterica subsp. enterica serovar Enteritidis strain CFSAN057723 CFSAN057723_contig_25, whole genome shotgun sequence		MZRS01000024.1 Salmonella enterica subsp. enterica serovar Enteritidis strain CFSAN057723 CFSAN057723_contig_25, whole genome shotgun sequence:34313..34955:IncFIB(S)_1__FN432031:98.911353
GCA_002039685.1	IncFII(S)	IncFII(S)_1__CP000858	CP000858	100.0	100.0	262	262	3881..4142	MZPU01000026.1 Salmonella enterica subsp. enterica serovar Enteritidis strain CFSAN057673 CFSAN057673_contig_27, whole genome shotgun sequence		MZPU01000026.1 Salmonella enterica subsp. enterica serovar Enteritidis strain CFSAN057673 CFSAN057673_contig_27, whole genome shotgun sequence:3881..4142:IncFII(S)_1__CP000858:100.000000
GCA_002039685.1	IncFIB(S)	IncFIB(S)_1__FN432031	FN432031	98.91	100.0	643	643	679..1321	MZPU01000025.1 Salmonella enterica subsp. enterica serovar Enteritidis strain CFSAN057673 CFSAN057673_contig_26, whole genome shotgun sequence		MZPU01000025.1 Salmonella enterica subsp. enterica serovar Enteritidis strain CFSAN057673 CFSAN057673_contig_26, whole genome shotgun sequence:679..1321:IncFIB(S)_1__FN432031:98.911353
GCA_002039865.1	IncFIB(S)	IncFIB(S)_1__FN432031	FN432031	98.91	100.0	643	643	40561..41203	MZQW01000013.1 Salmonella enterica subsp. enterica serovar Enteritidis strain CFSAN057701 CFSAN057701_contig_13, whole genome shotgun sequence		MZQW01000013.1 Salmonella enterica subsp. enterica serovar Enteritidis strain CFSAN057701 CFSAN057701_contig_13, whole genome shotgun sequence:40561..41203:IncFIB(S)_1__FN432031:98.911353
GCA_002039865.1	IncFII(S)	IncFII(S)_1__CP000858	CP000858	100.0	100.0	262	262	3446..3707	MZQW01000023.1 Salmonella enterica subsp. enterica serovar Enteritidis strain CFSAN057701 CFSAN057701_contig_23, whole genome shotgun sequence		MZQW01000023.1 Salmonella enterica subsp. enterica serovar Enteritidis strain CFSAN057701 CFSAN057701_contig_23, whole genome shotgun sequence:3446..3707:IncFII(S)_1__CP000858:100.000000
GCA_002039965.1	IncFII(S)	IncFII(S)_1__CP000858	CP000858	100.0	100.0	262	262	3881..4142	MZRD01000031.1 Salmonella enterica subsp. enterica serovar Enteritidis strain CFSAN057708 CFSAN057708_contig_31, whole genome shotgun sequence		MZRD01000031.1 Salmonella enterica subsp. enterica serovar Enteritidis strain CFSAN057708 CFSAN057708_contig_31, whole genome shotgun sequence:3881..4142:IncFII(S)_1__CP000858:100.000000
GCA_002039965.1	IncFIB(S)	IncFIB(S)_1__FN432031	FN432031	98.91	100.0	643	643	40556..41198	MZRD01000025.1 Salmonella enterica subsp. enterica serovar Enteritidis strain CFSAN057708 CFSAN057708_contig_25, whole genome shotgun sequence		MZRD01000025.1 Salmonella enterica subsp. enterica serovar Enteritidis strain CFSAN057708 CFSAN057708_contig_25, whole genome shotgun sequence:40556..41198:IncFIB(S)_1__FN432031:98.911353
GCA_002041695.1	IncFII(S)	IncFII(S)_1__CP000858	CP000858	100.0	100.0	262	262	1811..2072	MZWF01000031.1 Salmonella enterica subsp. enterica serovar Enteritidis strain CFSAN057845 CFSAN057845_contig_37, whole genome shotgun sequence		MZWF01000031.1 Salmonella enterica subsp. enterica serovar Enteritidis strain CFSAN057845 CFSAN057845_contig_37, whole genome shotgun sequence:1811..2072:IncFII(S)_1__CP000858:100.000000
GCA_002041695.1	IncFIB(S)	IncFIB(S)_1__FN432031	FN432031	98.91	100.0	643	643	40625..41267	MZWF01000017.1 Salmonella enterica subsp. enterica serovar Enteritidis strain CFSAN057845 CFSAN057845_contig_17, whole genome shotgun sequence		MZWF01000017.1 Salmonella enterica subsp. enterica serovar Enteritidis strain CFSAN057845 CFSAN057845_contig_17, whole genome shotgun sequence:40625..41267:IncFIB(S)_1__FN432031:98.911353
GCA_002041835.1	IncFIB(S)	IncFIB(S)_1__FN432031	FN432031	98.91	100.0	643	643	40558..41200	MZWU01000016.1 Salmonella enterica subsp. enterica serovar Enteritidis strain CFSAN057862 CFSAN057862_contig_16, whole genome shotgun sequence		MZWU01000016.1 Salmonella enterica subsp. enterica serovar Enteritidis strain CFSAN057862 CFSAN057862_contig_16, whole genome shotgun sequence:40558..41200:IncFIB(S)_1__FN432031:98.911353
GCA_002041835.1	IncFII(S)	IncFII(S)_1__CP000858	CP000858	100.0	100.0	262	262	4003..4264	MZWU01000009.1 Salmonella enterica subsp. enterica serovar Enteritidis strain CFSAN057862 CFSAN057862_contig_9, whole genome shotgun sequence		MZWU01000009.1 Salmonella enterica subsp. enterica serovar Enteritidis strain CFSAN057862 CFSAN057862_contig_9, whole genome shotgun sequence:4003..4264:IncFII(S)_1__CP000858:100.000000
GCA_002041955.1	IncFIB(S)	IncFIB(S)_1__FN432031	FN432031	98.91	100.0	643	643	9610..10252	MZXD01000018.1 Salmonella enterica subsp. enterica serovar Enteritidis strain CFSAN057873 CFSAN057873_contig_18, whole genome shotgun sequence		MZXD01000018.1 Salmonella enterica subsp. enterica serovar Enteritidis strain CFSAN057873 CFSAN057873_contig_18, whole genome shotgun sequence:9610..10252:IncFIB(S)_1__FN432031:98.911353
GCA_002041955.1	IncFII(S)	IncFII(S)_1__CP000858	CP000858	100.0	100.0	262	262	3446..3707	MZXD01000016.1 Salmonella enterica subsp. enterica serovar Enteritidis strain CFSAN057873 CFSAN057873_contig_16, whole genome shotgun sequence		MZXD01000016.1 Salmonella enterica subsp. enterica serovar Enteritidis strain CFSAN057873 CFSAN057873_contig_16, whole genome shotgun sequence:3446..3707:IncFII(S)_1__CP000858:100.000000
GCA_002042015.1	IncFII(S)	IncFII(S)_1__CP000858	CP000858	100.0	100.0	262	262	1781..2042	MZXI01000029.1 Salmonella enterica subsp. enterica serovar Enteritidis strain CFSAN057882 CFSAN057882_contig_32, whole genome shotgun sequence		MZXI01000029.1 Salmonella enterica subsp. enterica serovar Enteritidis strain CFSAN057882 CFSAN057882_contig_32, whole genome shotgun sequence:1781..2042:IncFII(S)_1__CP000858:100.000000
GCA_002042015.1	IncFIB(S)	IncFIB(S)_1__FN432031	FN432031	98.91	100.0	643	643	9684..10326	MZXI01000020.1 Salmonella enterica subsp. enterica serovar Enteritidis strain CFSAN057882 CFSAN057882_contig_20, whole genome shotgun sequence		MZXI01000020.1 Salmonella enterica subsp. enterica serovar Enteritidis strain CFSAN057882 CFSAN057882_contig_20, whole genome shotgun sequence:9684..10326:IncFIB(S)_1__FN432031:98.911353
GCA_002042065.1	IncFIB(S)	IncFIB(S)_1__FN432031	FN432031	98.91	100.0	643	643	16392..17034	MZXH01000026.1 Salmonella enterica subsp. enterica serovar Enteritidis strain CFSAN057881 CFSAN057881_contig_26, whole genome shotgun sequence		MZXH01000026.1 Salmonella enterica subsp. enterica serovar Enteritidis strain CFSAN057881 CFSAN057881_contig_26, whole genome shotgun sequence:16392..17034:IncFIB(S)_1__FN432031:98.911353
GCA_002042065.1	IncFII(S)	IncFII(S)_1__CP000858	CP000858	100.0	100.0	262	262	23122..23383	MZXH01000022.1 Salmonella enterica subsp. enterica serovar Enteritidis strain CFSAN057881 CFSAN057881_contig_22, whole genome shotgun sequence		MZXH01000022.1 Salmonella enterica subsp. enterica serovar Enteritidis strain CFSAN057881 CFSAN057881_contig_22, whole genome shotgun sequence:23122..23383:IncFII(S)_1__CP000858:100.000000
GCA_002042755.1	IncFIB(S)	IncFIB(S)_1__FN432031	FN432031	98.91	100.0	643	643	40563..41205	MZXG01000026.1 Salmonella enterica subsp. enterica serovar Enteritidis strain CFSAN057880 CFSAN057880_contig_27, whole genome shotgun sequence		MZXG01000026.1 Salmonella enterica subsp. enterica serovar Enteritidis strain CFSAN057880 CFSAN057880_contig_27, whole genome shotgun sequence:40563..41205:IncFIB(S)_1__FN432031:98.911353
GCA_002042755.1	IncFII(S)	IncFII(S)_1__CP000858	CP000858	100.0	100.0	262	262	1897..2158	MZXG01000011.1 Salmonella enterica subsp. enterica serovar Enteritidis strain CFSAN057880 CFSAN057880_contig_11, whole genome shotgun sequence		MZXG01000011.1 Salmonella enterica subsp. enterica serovar Enteritidis strain CFSAN057880 CFSAN057880_contig_11, whole genome shotgun sequence:1897..2158:IncFII(S)_1__CP000858:100.000000
GCA_002065725.1	IncX1	IncX1_1__EU370913	EU370913	96.52	100.0	374	374	11347..11720	MYCZ01000026.1 Salmonella enterica subsp. enterica serovar Enteritidis strain BCW_2682 NODE_26_length_34765_cov_0.948076, whole genome shotgun sequence		MYCZ01000026.1 Salmonella enterica subsp. enterica serovar Enteritidis strain BCW_2682 NODE_26_length_34765_cov_0.948076, whole genome shotgun sequence:11347..11720:IncX1_1__EU370913:96.524064
GCA_002065725.1	IncI1-I(Alpha)	IncI1-I(Alpha)_1__AP005147	AP005147	100.0	100.0	142	142	47136..47277	MYCZ01000014.1 Salmonella enterica subsp. enterica serovar Enteritidis strain BCW_2682 NODE_14_length_106138_cov_0.744632, whole genome shotgun sequence		MYCZ01000014.1 Salmonella enterica subsp. enterica serovar Enteritidis strain BCW_2682 NODE_14_length_106138_cov_0.744632, whole genome shotgun sequence:47136..47277:IncI1-I(Alpha)_1__AP005147:100.000000
GCA_003873435.1	IncFIB(S)	IncFIB(S)_1__FN432031	FN432031	98.91	100.0	643	643	6815..7457	RSSB01000021.1 Salmonella enterica subsp. enterica serovar Enteritidis strain ARIM-SE2047-05 SAMN03743896-rid5362293.denovo.21, whole genome shotgun sequence		RSSB01000021.1 Salmonella enterica subsp. enterica serovar Enteritidis strain ARIM-SE2047-05 SAMN03743896-rid5362293.denovo.21, whole genome shotgun sequence:6815..7457:IncFIB(S)_1__FN432031:98.911353
GCA_003873435.1	IncFII(S)	IncFII(S)_1__CP000858	CP000858	100.0	100.0	262	262	3709..3970	RSSB01000018.1 Salmonella enterica subsp. enterica serovar Enteritidis strain ARIM-SE2047-05 SAMN03743896-rid5362293.denovo.18, whole genome shotgun sequence		RSSB01000018.1 Salmonella enterica subsp. enterica serovar Enteritidis strain ARIM-SE2047-05 SAMN03743896-rid5362293.denovo.18, whole genome shotgun sequence:3709..3970:IncFII(S)_1__CP000858:100.000000
GCA_004227205.1	IncFII(S)	IncFII(S)_1__CP000858	CP000858	100.0	100.0	262	262	3422..3683	AAADDK010000071.1 Salmonella enterica subsp. enterica serovar Enteritidis strain RS-SF12874/10 SAMN08387140-rid6809573.denovo.071, whole genome shotgun sequence		AAADDK010000071.1 Salmonella enterica subsp. enterica serovar Enteritidis strain RS-SF12874/10 SAMN08387140-rid6809573.denovo.071, whole genome shotgun sequence:3422..3683:IncFII(S)_1__CP000858:100.000000
GCA_004227205.1	IncFIB(S)	IncFIB(S)_1__FN432031	FN432031	98.91	100.0	643	643	40522..41164	AAADDK010000030.1 Salmonella enterica subsp. enterica serovar Enteritidis strain RS-SF12874/10 SAMN08387140-rid6809573.denovo.030, whole genome shotgun sequence		AAADDK010000030.1 Salmonella enterica subsp. enterica serovar Enteritidis strain RS-SF12874/10 SAMN08387140-rid6809573.denovo.030, whole genome shotgun sequence:40522..41164:IncFIB(S)_1__FN432031:98.911353
GCA_006002245.1	IncFII(S)	IncFII(S)_1__CP000858	CP000858	100.0	100.0	262	262	3414..3675	AAEHTC010000087.1 Salmonella enterica subsp. enterica serovar Enteritidis strain RS-SF13568/11 SAMN08386767-rid7215733.denovo.087, whole genome shotgun sequence		AAEHTC010000087.1 Salmonella enterica subsp. enterica serovar Enteritidis strain RS-SF13568/11 SAMN08386767-rid7215733.denovo.087, whole genome shotgun sequence:3414..3675:IncFII(S)_1__CP000858:100.000000
GCA_006002245.1	IncFIB(S)	IncFIB(S)_1__FN432031	FN432031	98.91	100.0	643	643	35856..36498	AAEHTC010000036.1 Salmonella enterica subsp. enterica serovar Enteritidis strain RS-SF13568/11 SAMN08386767-rid7215733.denovo.036, whole genome shotgun sequence		AAEHTC010000036.1 Salmonella enterica subsp. enterica serovar Enteritidis strain RS-SF13568/11 SAMN08386767-rid7215733.denovo.036, whole genome shotgun sequence:35856..36498:IncFIB(S)_1__FN432031:98.911353
GCA_006002405.1	IncFIB(S)	IncFIB(S)_1__FN432031	FN432031	98.91	100.0	643	643	40526..41168	AAEHTO010000016.1 Salmonella enterica subsp. enterica serovar Enteritidis strain ULBRA-SF304 SAMN10393068-rid7235163.denovo.16, whole genome shotgun sequence		AAEHTO010000016.1 Salmonella enterica subsp. enterica serovar Enteritidis strain ULBRA-SF304 SAMN10393068-rid7235163.denovo.16, whole genome shotgun sequence:40526..41168:IncFIB(S)_1__FN432031:98.911353
GCA_006002405.1	IncFII(S)	IncFII(S)_1__CP000858	CP000858	100.0	100.0	262	262	3433..3694	AAEHTO010000022.1 Salmonella enterica subsp. enterica serovar Enteritidis strain ULBRA-SF304 SAMN10393068-rid7235163.denovo.22, whole genome shotgun sequence		AAEHTO010000022.1 Salmonella enterica subsp. enterica serovar Enteritidis strain ULBRA-SF304 SAMN10393068-rid7235163.denovo.22, whole genome shotgun sequence:3433..3694:IncFII(S)_1__CP000858:100.000000
GCA_006074615.1	IncFII(S)	IncFII(S)_1__CP000858	CP000858	100.0	100.0	262	262	3410..3671	AAENAR010000022.1 Salmonella enterica subsp. enterica serovar Enteritidis strain RS-SF00998/12 SAMN08386771-rid6115233.denovo.22, whole genome shotgun sequence		AAENAR010000022.1 Salmonella enterica subsp. enterica serovar Enteritidis strain RS-SF00998/12 SAMN08386771-rid6115233.denovo.22, whole genome shotgun sequence:3410..3671:IncFII(S)_1__CP000858:100.000000
GCA_006074615.1	IncFIB(S)	IncFIB(S)_1__FN432031	FN432031	98.91	100.0	643	643	6831..7473	AAENAR010000021.1 Salmonella enterica subsp. enterica serovar Enteritidis strain RS-SF00998/12 SAMN08386771-rid6115233.denovo.21, whole genome shotgun sequence		AAENAR010000021.1 Salmonella enterica subsp. enterica serovar Enteritidis strain RS-SF00998/12 SAMN08386771-rid6115233.denovo.21, whole genome shotgun sequence:6831..7473:IncFIB(S)_1__FN432031:98.911353
GCA_006076575.1	IncFII(S)	IncFII(S)_1__CP000858	CP000858	100.0	100.0	262	262	3414..3675	AAENFY010000101.1 Salmonella enterica subsp. enterica serovar Enteritidis strain ULBRA-SF322 SAMN10393015-rid7241213.denovo.101, whole genome shotgun sequence		AAENFY010000101.1 Salmonella enterica subsp. enterica serovar Enteritidis strain ULBRA-SF322 SAMN10393015-rid7241213.denovo.101, whole genome shotgun sequence:3414..3675:IncFII(S)_1__CP000858:100.000000
GCA_006076575.1	IncFIB(S)	IncFIB(S)_1__FN432031	FN432031	98.91	100.0	643	643	9172..9814	AAENFY010000092.1 Salmonella enterica subsp. enterica serovar Enteritidis strain ULBRA-SF322 SAMN10393015-rid7241213.denovo.092, whole genome shotgun sequence		AAENFY010000092.1 Salmonella enterica subsp. enterica serovar Enteritidis strain ULBRA-SF322 SAMN10393015-rid7241213.denovo.092, whole genome shotgun sequence:9172..9814:IncFIB(S)_1__FN432031:98.911353
GCA_006076875.1	IncFII(S)	IncFII(S)_1__CP000858	CP000858	100.0	100.0	262	262	3398..3659	AAENGB010000114.1 Salmonella enterica subsp. enterica serovar Enteritidis strain ULBRA-SF312 SAMN10393014-rid7241173.denovo.114, whole genome shotgun sequence		AAENGB010000114.1 Salmonella enterica subsp. enterica serovar Enteritidis strain ULBRA-SF312 SAMN10393014-rid7241173.denovo.114, whole genome shotgun sequence:3398..3659:IncFII(S)_1__CP000858:100.000000
GCA_006076875.1	IncFIB(S)	IncFIB(S)_1__FN432031	FN432031	98.91	100.0	643	643	9180..9822	AAENGB010000101.1 Salmonella enterica subsp. enterica serovar Enteritidis strain ULBRA-SF312 SAMN10393014-rid7241173.denovo.101, whole genome shotgun sequence		AAENGB010000101.1 Salmonella enterica subsp. enterica serovar Enteritidis strain ULBRA-SF312 SAMN10393014-rid7241173.denovo.101, whole genome shotgun sequence:9180..9822:IncFIB(S)_1__FN432031:98.911353
GCA_006144215.1	IncFIB(S)	IncFIB(S)_1__FN432031	FN432031	98.91	100.0	643	643	8559..9201	AAESBH010000114.1 Salmonella enterica subsp. enterica serovar Enteritidis strain ULBRA-SF316 SAMN10392968-rid7240663.denovo.114, whole genome shotgun sequence		AAESBH010000114.1 Salmonella enterica subsp. enterica serovar Enteritidis strain ULBRA-SF316 SAMN10392968-rid7240663.denovo.114, whole genome shotgun sequence:8559..9201:IncFIB(S)_1__FN432031:98.911353
GCA_006144215.1	IncFII(S)	IncFII(S)_1__CP000858	CP000858	100.0	100.0	262	262	3413..3674	AAESBH010000121.1 Salmonella enterica subsp. enterica serovar Enteritidis strain ULBRA-SF316 SAMN10392968-rid7240663.denovo.121, whole genome shotgun sequence		AAESBH010000121.1 Salmonella enterica subsp. enterica serovar Enteritidis strain ULBRA-SF316 SAMN10392968-rid7240663.denovo.121, whole genome shotgun sequence:3413..3674:IncFII(S)_1__CP000858:100.000000
GCA_006145915.1	IncFIB(S)	IncFIB(S)_1__FN432031	FN432031	98.91	100.0	643	643	9144..9786	AAESBL010000122.1 Salmonella enterica subsp. enterica serovar Enteritidis strain ULBRA-SF315 SAMN10392971-rid7240733.denovo.122, whole genome shotgun sequence		AAESBL010000122.1 Salmonella enterica subsp. enterica serovar Enteritidis strain ULBRA-SF315 SAMN10392971-rid7240733.denovo.122, whole genome shotgun sequence:9144..9786:IncFIB(S)_1__FN432031:98.911353
GCA_006145915.1	IncFII(S)	IncFII(S)_1__CP000858	CP000858	100.0	100.0	262	262	3409..3670	AAESBL010000157.1 Salmonella enterica subsp. enterica serovar Enteritidis strain ULBRA-SF315 SAMN10392971-rid7240733.denovo.157, whole genome shotgun sequence		AAESBL010000157.1 Salmonella enterica subsp. enterica serovar Enteritidis strain ULBRA-SF315 SAMN10392971-rid7240733.denovo.157, whole genome shotgun sequence:3409..3670:IncFII(S)_1__CP000858:100.000000
GCA_006473805.1	IncFII(S)	IncFII(S)_1__CP000858	CP000858	100.0	100.0	262	262	3397..3658	AAFKUV010000023.1 Salmonella enterica subsp. enterica serovar Enteritidis strain FSIS31902181 SAMN12098385-rid7735913.denovo.23, whole genome shotgun sequence		AAFKUV010000023.1 Salmonella enterica subsp. enterica serovar Enteritidis strain FSIS31902181 SAMN12098385-rid7735913.denovo.23, whole genome shotgun sequence:3397..3658:IncFII(S)_1__CP000858:100.000000
GCA_006473805.1	IncFIB(S)	IncFIB(S)_1__FN432031	FN432031	98.91	100.0	643	643	181593..182235	AAFKUV010000010.1 Salmonella enterica subsp. enterica serovar Enteritidis strain FSIS31902181 SAMN12098385-rid7735913.denovo.10, whole genome shotgun sequence		AAFKUV010000010.1 Salmonella enterica subsp. enterica serovar Enteritidis strain FSIS31902181 SAMN12098385-rid7735913.denovo.10, whole genome shotgun sequence:181593..182235:IncFIB(S)_1__FN432031:98.911353
GCA_006683205.1	IncFIB(S)	IncFIB(S)_1__FN432031	FN432031	98.91	100.0	643	643	14591..15233	AAFYWM010000020.1 Salmonella enterica subsp. enterica serovar Enteritidis strain FSIS11917259 SAMN10780291-rid7775253.denovo.20, whole genome shotgun sequence		AAFYWM010000020.1 Salmonella enterica subsp. enterica serovar Enteritidis strain FSIS11917259 SAMN10780291-rid7775253.denovo.20, whole genome shotgun sequence:14591..15233:IncFIB(S)_1__FN432031:98.911353
GCA_006683205.1	IncFII(S)	IncFII(S)_1__CP000858	CP000858	100.0	100.0	262	262	3423..3684	AAFYWM010000023.1 Salmonella enterica subsp. enterica serovar Enteritidis strain FSIS11917259 SAMN10780291-rid7775253.denovo.23, whole genome shotgun sequence		AAFYWM010000023.1 Salmonella enterica subsp. enterica serovar Enteritidis strain FSIS11917259 SAMN10780291-rid7775253.denovo.23, whole genome shotgun sequence:3423..3684:IncFII(S)_1__CP000858:100.000000
GCA_007391565.1	IncFIB(S)	IncFIB(S)_1__FN432031	FN432031	98.91	100.0	643	643	6833..7475	AAHVBN010000047.1 Salmonella enterica subsp. enterica serovar Enteritidis strain FSIS21823051 SAMN10690561-rid6990943.denovo.47, whole genome shotgun sequence		AAHVBN010000047.1 Salmonella enterica subsp. enterica serovar Enteritidis strain FSIS21823051 SAMN10690561-rid6990943.denovo.47, whole genome shotgun sequence:6833..7475:IncFIB(S)_1__FN432031:98.911353
GCA_007391565.1	IncFII(S)	IncFII(S)_1__CP000858	CP000858	100.0	100.0	262	262	3426..3687	AAHVBN010000048.1 Salmonella enterica subsp. enterica serovar Enteritidis strain FSIS21823051 SAMN10690561-rid6990943.denovo.48, whole genome shotgun sequence		AAHVBN010000048.1 Salmonella enterica subsp. enterica serovar Enteritidis strain FSIS21823051 SAMN10690561-rid6990943.denovo.48, whole genome shotgun sequence:3426..3687:IncFII(S)_1__CP000858:100.000000
GCA_007742535.1	IncFIB(S)	IncFIB(S)_1__FN432031	FN432031	98.91	100.0	643	643	6816..7458	AAITBJ010000017.1 Salmonella enterica subsp. enterica serovar Enteritidis strain NY-30663 SAMN02777714-rid7820263.denovo.17, whole genome shotgun sequence		AAITBJ010000017.1 Salmonella enterica subsp. enterica serovar Enteritidis strain NY-30663 SAMN02777714-rid7820263.denovo.17, whole genome shotgun sequence:6816..7458:IncFIB(S)_1__FN432031:98.911353
GCA_007742535.1	IncFII(S)	IncFII(S)_1__CP000858	CP000858	100.0	100.0	262	262	3392..3653	AAITBJ010000019.1 Salmonella enterica subsp. enterica serovar Enteritidis strain NY-30663 SAMN02777714-rid7820263.denovo.19, whole genome shotgun sequence		AAITBJ010000019.1 Salmonella enterica subsp. enterica serovar Enteritidis strain NY-30663 SAMN02777714-rid7820263.denovo.19, whole genome shotgun sequence:3392..3653:IncFII(S)_1__CP000858:100.000000
GCA_007855315.1	IncFIB(S)	IncFIB(S)_1__FN432031	FN432031	98.91	100.0	643	643	6831..7473	AAJAFZ010000026.1 Salmonella enterica subsp. enterica serovar Enteritidis strain FSIS11922312 SAMN12371083-rid7915703.denovo.26, whole genome shotgun sequence		AAJAFZ010000026.1 Salmonella enterica subsp. enterica serovar Enteritidis strain FSIS11922312 SAMN12371083-rid7915703.denovo.26, whole genome shotgun sequence:6831..7473:IncFIB(S)_1__FN432031:98.911353
GCA_007855315.1	IncFII(S)	IncFII(S)_1__CP000858	CP000858	100.0	100.0	262	262	5032..5293	AAJAFZ010000024.1 Salmonella enterica subsp. enterica serovar Enteritidis strain FSIS11922312 SAMN12371083-rid7915703.denovo.24, whole genome shotgun sequence		AAJAFZ010000024.1 Salmonella enterica subsp. enterica serovar Enteritidis strain FSIS11922312 SAMN12371083-rid7915703.denovo.24, whole genome shotgun sequence:5032..5293:IncFII(S)_1__CP000858:100.000000
GCA_008003705.1	IncX1	IncX1_1__EU370913	EU370913	98.66	100.0	374	374	29582..29955	AAJJPB010000022.1 Salmonella enterica subsp. enterica serovar Enteritidis strain FSW0023 SAMN02345321-rid4914193.denovo.22, whole genome shotgun sequence		AAJJPB010000022.1 Salmonella enterica subsp. enterica serovar Enteritidis strain FSW0023 SAMN02345321-rid4914193.denovo.22, whole genome shotgun sequence:29582..29955:IncX1_1__EU370913:98.663102
GCA_008003705.1	IncFIB(S)	IncFIB(S)_1__FN432031	FN432031	98.91	100.0	643	643	36593..37235	AAJJPB010000023.1 Salmonella enterica subsp. enterica serovar Enteritidis strain FSW0023 SAMN02345321-rid4914193.denovo.23, whole genome shotgun sequence		AAJJPB010000023.1 Salmonella enterica subsp. enterica serovar Enteritidis strain FSW0023 SAMN02345321-rid4914193.denovo.23, whole genome shotgun sequence:36593..37235:IncFIB(S)_1__FN432031:98.911353
GCA_008003705.1	IncFII(S)	IncFII(S)_1__CP000858	CP000858	100.0	100.0	262	262	3398..3659	AAJJPB010000029.1 Salmonella enterica subsp. enterica serovar Enteritidis strain FSW0023 SAMN02345321-rid4914193.denovo.30, whole genome shotgun sequence		AAJJPB010000029.1 Salmonella enterica subsp. enterica serovar Enteritidis strain FSW0023 SAMN02345321-rid4914193.denovo.30, whole genome shotgun sequence:3398..3659:IncFII(S)_1__CP000858:100.000000
GCA_008005975.1	IncFII(S)	IncFII(S)_1__CP000858	CP000858	100.0	100.0	262	262	3429..3690	AAJKJH010000020.1 Salmonella enterica subsp. enterica serovar Enteritidis strain CFSAN026634 SAMN03165680-rid4952963.denovo.20, whole genome shotgun sequence		AAJKJH010000020.1 Salmonella enterica subsp. enterica serovar Enteritidis strain CFSAN026634 SAMN03165680-rid4952963.denovo.20, whole genome shotgun sequence:3429..3690:IncFII(S)_1__CP000858:100.000000
GCA_008005975.1	IncFIB(S)	IncFIB(S)_1__FN432031	FN432031	98.91	100.0	643	643	6831..7473	AAJKJH010000019.1 Salmonella enterica subsp. enterica serovar Enteritidis strain CFSAN026634 SAMN03165680-rid4952963.denovo.19, whole genome shotgun sequence		AAJKJH010000019.1 Salmonella enterica subsp. enterica serovar Enteritidis strain CFSAN026634 SAMN03165680-rid4952963.denovo.19, whole genome shotgun sequence:6831..7473:IncFIB(S)_1__FN432031:98.911353
GCA_008025695.1	IncFII(S)	IncFII(S)_1__CP000858	CP000858	100.0	100.0	262	262	3412..3673	AAJKZT010000066.1 Salmonella enterica subsp. enterica serovar Enteritidis strain FDA219332 SAMN02843782-rid4961033.denovo.66, whole genome shotgun sequence		AAJKZT010000066.1 Salmonella enterica subsp. enterica serovar Enteritidis strain FDA219332 SAMN02843782-rid4961033.denovo.66, whole genome shotgun sequence:3412..3673:IncFII(S)_1__CP000858:100.000000
GCA_008025695.1	IncFIB(S)	IncFIB(S)_1__FN432031	FN432031	98.91	100.0	643	643	6814..7456	AAJKZT010000056.1 Salmonella enterica subsp. enterica serovar Enteritidis strain FDA219332 SAMN02843782-rid4961033.denovo.56, whole genome shotgun sequence		AAJKZT010000056.1 Salmonella enterica subsp. enterica serovar Enteritidis strain FDA219332 SAMN02843782-rid4961033.denovo.56, whole genome shotgun sequence:6814..7456:IncFIB(S)_1__FN432031:98.911353
GCA_008116765.1	IncX1	IncX1_4__JN935898	JN935898	95.76	100.0	377	377	19482..19858	AAJQQB010000043.1 Salmonella enterica subsp. enterica serovar Enteritidis strain FDA458556 isolate CFSAN018875 SAMN02918519-rid5127953.denovo.43, whole genome shotgun sequence		AAJQQB010000043.1 Salmonella enterica subsp. enterica serovar Enteritidis strain FDA458556 isolate CFSAN018875 SAMN02918519-rid5127953.denovo.43, whole genome shotgun sequence:19482..19858:IncX1_4__JN935898:95.755968
GCA_008913225.1	IncX1	IncX1_1__EU370913	EU370913	98.66	100.0	374	374	20706..21079	AALODY010000028.1 Salmonella enterica subsp. enterica serovar Enteritidis strain FDA495809 isolate CFSAN018904 SAMN02918548-rid5302183.denovo.28, whole genome shotgun sequence		AALODY010000028.1 Salmonella enterica subsp. enterica serovar Enteritidis strain FDA495809 isolate CFSAN018904 SAMN02918548-rid5302183.denovo.28, whole genome shotgun sequence:20706..21079:IncX1_1__EU370913:98.663102
GCA_009074345.1	IncFIB(S)	IncFIB(S)_1__FN432031	FN432031	98.91	100.0	643	643	36763..37405	AALWRO010000029.1 Salmonella enterica subsp. enterica serovar Enteritidis strain OSF058023 SAMN06110574-rid5436593.denovo.29, whole genome shotgun sequence		AALWRO010000029.1 Salmonella enterica subsp. enterica serovar Enteritidis strain OSF058023 SAMN06110574-rid5436593.denovo.29, whole genome shotgun sequence:36763..37405:IncFIB(S)_1__FN432031:98.911353
GCA_009074345.1	IncFII(S)	IncFII(S)_1__CP000858	CP000858	100.0	100.0	262	262	42855..43116	AALWRO010000029.1 Salmonella enterica subsp. enterica serovar Enteritidis strain OSF058023 SAMN06110574-rid5436593.denovo.29, whole genome shotgun sequence		AALWRO010000029.1 Salmonella enterica subsp. enterica serovar Enteritidis strain OSF058023 SAMN06110574-rid5436593.denovo.29, whole genome shotgun sequence:42855..43116:IncFII(S)_1__CP000858:100.000000
GCA_009227165.1	IncFII(S)	IncFII(S)_1__CP000858	CP000858	100.0	100.0	262	262	3413..3674	AAMGQN010000056.1 Salmonella enterica subsp. enterica serovar Enteritidis strain FSIS21925759 SAMN13054512-rid8416713.denovo.56, whole genome shotgun sequence		AAMGQN010000056.1 Salmonella enterica subsp. enterica serovar Enteritidis strain FSIS21925759 SAMN13054512-rid8416713.denovo.56, whole genome shotgun sequence:3413..3674:IncFII(S)_1__CP000858:100.000000
GCA_009227165.1	IncFIB(S)	IncFIB(S)_1__FN432031	FN432031	98.91	100.0	643	643	6821..7463	AAMGQN010000053.1 Salmonella enterica subsp. enterica serovar Enteritidis strain FSIS21925759 SAMN13054512-rid8416713.denovo.53, whole genome shotgun sequence		AAMGQN010000053.1 Salmonella enterica subsp. enterica serovar Enteritidis strain FSIS21925759 SAMN13054512-rid8416713.denovo.53, whole genome shotgun sequence:6821..7463:IncFIB(S)_1__FN432031:98.911353
GCA_009507675.1	IncFIB(S)	IncFIB(S)_1__FN432031	FN432031	98.91	100.0	643	643	6835..7477	AAMUEF010000030.1 Salmonella enterica subsp. enterica serovar Enteritidis strain FDA703679-2 SAMN02847317-rid5676503.denovo.30, whole genome shotgun sequence		AAMUEF010000030.1 Salmonella enterica subsp. enterica serovar Enteritidis strain FDA703679-2 SAMN02847317-rid5676503.denovo.30, whole genome shotgun sequence:6835..7477:IncFIB(S)_1__FN432031:98.911353
GCA_009507675.1	IncFII(S)	IncFII(S)_1__CP000858	CP000858	100.0	100.0	262	262	3595..3856	AAMUEF010000032.1 Salmonella enterica subsp. enterica serovar Enteritidis strain FDA703679-2 SAMN02847317-rid5676503.denovo.32, whole genome shotgun sequence		AAMUEF010000032.1 Salmonella enterica subsp. enterica serovar Enteritidis strain FDA703679-2 SAMN02847317-rid5676503.denovo.32, whole genome shotgun sequence:3595..3856:IncFII(S)_1__CP000858:100.000000
GCA_009507675.1	IncX1	IncX1_1__EU370913	EU370913	98.66	100.0	374	374	41657..42030	AAMUEF010000023.1 Salmonella enterica subsp. enterica serovar Enteritidis strain FDA703679-2 SAMN02847317-rid5676503.denovo.23, whole genome shotgun sequence		AAMUEF010000023.1 Salmonella enterica subsp. enterica serovar Enteritidis strain FDA703679-2 SAMN02847317-rid5676503.denovo.23, whole genome shotgun sequence:41657..42030:IncX1_1__EU370913:98.663102
GCA_009618955.1	IncFIB(S)	IncFIB(S)_1__FN432031	FN432031	98.91	100.0	643	643	40527..41169	DAAFPW010000014.1 TPA_asm: Salmonella enterica subsp. enterica serovar Enteritidis isolate Salmonella enterica SAMEA6058242-rid8382193.denovo.14, whole genome shotgun sequence		DAAFPW010000014.1 TPA_asm: Salmonella enterica subsp. enterica serovar Enteritidis isolate Salmonella enterica SAMEA6058242-rid8382193.denovo.14, whole genome shotgun sequence:40527..41169:IncFIB(S)_1__FN432031:98.911353
GCA_009618955.1	IncFII(S)	IncFII(S)_1__CP000858	CP000858	100.0	100.0	262	262	3412..3673	DAAFPW010000019.1 TPA_asm: Salmonella enterica subsp. enterica serovar Enteritidis isolate Salmonella enterica SAMEA6058242-rid8382193.denovo.19, whole genome shotgun sequence		DAAFPW010000019.1 TPA_asm: Salmonella enterica subsp. enterica serovar Enteritidis isolate Salmonella enterica SAMEA6058242-rid8382193.denovo.19, whole genome shotgun sequence:3412..3673:IncFII(S)_1__CP000858:100.000000
GCA_009624535.1	IncFII(S)	IncFII(S)_1__CP000858	CP000858	100.0	100.0	262	262	3402..3663	DAAFZP010000021.1 TPA_asm: Salmonella enterica subsp. enterica serovar Enteritidis isolate Salmonella enterica SAMEA6058344-rid8382763.denovo.21, whole genome shotgun sequence		DAAFZP010000021.1 TPA_asm: Salmonella enterica subsp. enterica serovar Enteritidis isolate Salmonella enterica SAMEA6058344-rid8382763.denovo.21, whole genome shotgun sequence:3402..3663:IncFII(S)_1__CP000858:100.000000
GCA_009624535.1	IncFIB(S)	IncFIB(S)_1__FN432031	FN432031	98.91	100.0	643	643	40517..41159	DAAFZP010000018.1 TPA_asm: Salmonella enterica subsp. enterica serovar Enteritidis isolate Salmonella enterica SAMEA6058344-rid8382763.denovo.18, whole genome shotgun sequence		DAAFZP010000018.1 TPA_asm: Salmonella enterica subsp. enterica serovar Enteritidis isolate Salmonella enterica SAMEA6058344-rid8382763.denovo.18, whole genome shotgun sequence:40517..41159:IncFIB(S)_1__FN432031:98.911353
GCA_011084405.1	IncFIB(S)	IncFIB(S)_1__FN432031	FN432031	98.91	100.0	643	643	6818..7460	AAPFSX010000017.1 Salmonella enterica subsp. enterica serovar Enteritidis strain FAR0085 SAMN02345283-rid5004743.denovo.17, whole genome shotgun sequence		AAPFSX010000017.1 Salmonella enterica subsp. enterica serovar Enteritidis strain FAR0085 SAMN02345283-rid5004743.denovo.17, whole genome shotgun sequence:6818..7460:IncFIB(S)_1__FN432031:98.911353
GCA_011084405.1	IncFII(S)	IncFII(S)_1__CP000858	CP000858	100.0	100.0	262	262	5998..6259	AAPFSX010000014.1 Salmonella enterica subsp. enterica serovar Enteritidis strain FAR0085 SAMN02345283-rid5004743.denovo.14, whole genome shotgun sequence		AAPFSX010000014.1 Salmonella enterica subsp. enterica serovar Enteritidis strain FAR0085 SAMN02345283-rid5004743.denovo.14, whole genome shotgun sequence:5998..6259:IncFII(S)_1__CP000858:100.000000
GCA_011208605.1	IncFIB(S)	IncFIB(S)_1__FN432031	FN432031	98.91	100.0	643	643	2656..3298	AAPOGP010000215.1 Salmonella enterica subsp. enterica serovar Enteritidis strain FSIS12028098 SAMN13941930-rid8949653.denovo.215, whole genome shotgun sequence		AAPOGP010000215.1 Salmonella enterica subsp. enterica serovar Enteritidis strain FSIS12028098 SAMN13941930-rid8949653.denovo.215, whole genome shotgun sequence:2656..3298:IncFIB(S)_1__FN432031:98.911353
GCA_011208605.1	IncFII(S)	IncFII(S)_1__CP000858	CP000858	100.0	100.0	262	262	3113..3374	AAPOGP010000213.1 Salmonella enterica subsp. enterica serovar Enteritidis strain FSIS12028098 SAMN13941930-rid8949653.denovo.213, whole genome shotgun sequence		AAPOGP010000213.1 Salmonella enterica subsp. enterica serovar Enteritidis strain FSIS12028098 SAMN13941930-rid8949653.denovo.213, whole genome shotgun sequence:3113..3374:IncFII(S)_1__CP000858:100.000000
GCA_011702675.1	IncFIB(S)	IncFIB(S)_1__FN432031	FN432031	98.91	100.0	643	643	6827..7469	AAQRZV010000079.1 Salmonella enterica subsp. enterica serovar Enteritidis strain Burnett-PUCV1 SAMN14146641-rid9435853.denovo.079, whole genome shotgun sequence		AAQRZV010000079.1 Salmonella enterica subsp. enterica serovar Enteritidis strain Burnett-PUCV1 SAMN14146641-rid9435853.denovo.079, whole genome shotgun sequence:6827..7469:IncFIB(S)_1__FN432031:98.911353
GCA_011702675.1	IncFII(S)	IncFII(S)_1__CP000858	CP000858	100.0	100.0	262	262	3390..3651	AAQRZV010000092.1 Salmonella enterica subsp. enterica serovar Enteritidis strain Burnett-PUCV1 SAMN14146641-rid9435853.denovo.095, whole genome shotgun sequence		AAQRZV010000092.1 Salmonella enterica subsp. enterica serovar Enteritidis strain Burnett-PUCV1 SAMN14146641-rid9435853.denovo.095, whole genome shotgun sequence:3390..3651:IncFII(S)_1__CP000858:100.000000
GCA_014067775.1	IncFIB(S)	IncFIB(S)_1__FN432031	FN432031	98.91	100.0	643	643	1372..2014	AAVGSV010000040.1 Salmonella enterica subsp. enterica serovar Enteritidis strain FSIS12032037 SAMN15728631-rid10243663.denovo.43, whole genome shotgun sequence		AAVGSV010000040.1 Salmonella enterica subsp. enterica serovar Enteritidis strain FSIS12032037 SAMN15728631-rid10243663.denovo.43, whole genome shotgun sequence:1372..2014:IncFIB(S)_1__FN432031:98.911353
GCA_014349365.1	IncFII(S)	IncFII(S)_1__CP000858	CP000858	100.0	100.0	262	262	4100..4361	JAALIW010000011.1 Salmonella enterica subsp. enterica serovar Enteritidis strain KUFSE-CM123 11960_2173, whole genome shotgun sequence		JAALIW010000011.1 Salmonella enterica subsp. enterica serovar Enteritidis strain KUFSE-CM123 11960_2173, whole genome shotgun sequence:4100..4361:IncFII(S)_1__CP000858:100.000000
GCA_014349365.1	IncFIB(S)	IncFIB(S)_1__FN432031	FN432031	98.91	100.0	643	643	48325..48967	JAALIW010000011.1 Salmonella enterica subsp. enterica serovar Enteritidis strain KUFSE-CM123 11960_2173, whole genome shotgun sequence		JAALIW010000011.1 Salmonella enterica subsp. enterica serovar Enteritidis strain KUFSE-CM123 11960_2173, whole genome shotgun sequence:48325..48967:IncFIB(S)_1__FN432031:98.911353
GCA_017337525.1	IncFIB(S)	IncFIB(S)_1__FN432031	FN432031	98.91	100.0	643	643	36763..37405	AAZLQN010000021.1 Salmonella enterica subsp. enterica serovar Enteritidis strain FSIS12138230 SAMN18243660-rid11754063.denovo.22, whole genome shotgun sequence		AAZLQN010000021.1 Salmonella enterica subsp. enterica serovar Enteritidis strain FSIS12138230 SAMN18243660-rid11754063.denovo.22, whole genome shotgun sequence:36763..37405:IncFIB(S)_1__FN432031:98.911353
GCA_017337525.1	IncFII(S)	IncFII(S)_1__CP000858	CP000858	100.0	100.0	262	262	42855..43116	AAZLQN010000021.1 Salmonella enterica subsp. enterica serovar Enteritidis strain FSIS12138230 SAMN18243660-rid11754063.denovo.22, whole genome shotgun sequence		AAZLQN010000021.1 Salmonella enterica subsp. enterica serovar Enteritidis strain FSIS12138230 SAMN18243660-rid11754063.denovo.22, whole genome shotgun sequence:42855..43116:IncFII(S)_1__CP000858:100.000000
GCA_028890365.1	IncFII(S)	IncFII(S)_1__CP000858	CP000858	100.0	100.0	262	262	113053..113314	JARCHD010000015.1 Salmonella enterica subsp. enterica serovar Enteritidis strain Salent99 Genome_Assembly_Salent99_contig_15, whole genome shotgun sequence		JARCHD010000015.1 Salmonella enterica subsp. enterica serovar Enteritidis strain Salent99 Genome_Assembly_Salent99_contig_15, whole genome shotgun sequence:113053..113314:IncFII(S)_1__CP000858:100.000000
GCA_028890365.1	IncFIB(S)	IncFIB(S)_1__FN432031	FN432031	98.91	100.0	643	643	9666..10308	JARCHD010000015.1 Salmonella enterica subsp. enterica serovar Enteritidis strain Salent99 Genome_Assembly_Salent99_contig_15, whole genome shotgun sequence		JARCHD010000015.1 Salmonella enterica subsp. enterica serovar Enteritidis strain Salent99 Genome_Assembly_Salent99_contig_15, whole genome shotgun sequence:9666..10308:IncFIB(S)_1__FN432031:98.911353
GCA_028890365.1	IncX1	IncX1_4__JN935898	JN935898	98.94	100.0	377	377	58933..59309	JARCHD010000015.1 Salmonella enterica subsp. enterica serovar Enteritidis strain Salent99 Genome_Assembly_Salent99_contig_15, whole genome shotgun sequence		JARCHD010000015.1 Salmonella enterica subsp. enterica serovar Enteritidis strain Salent99 Genome_Assembly_Salent99_contig_15, whole genome shotgun sequence:58933..59309:IncX1_4__JN935898:98.938992
GCA_028890405.1	IncFIB(S)	IncFIB(S)_1__FN432031	FN432031	98.91	100.0	643	643	48040..48682	JARCHH010000020.1 Salmonella enterica subsp. enterica serovar Enteritidis strain Salent14 Genome_Assembly_Salent14_contig_20, whole genome shotgun sequence		JARCHH010000020.1 Salmonella enterica subsp. enterica serovar Enteritidis strain Salent14 Genome_Assembly_Salent14_contig_20, whole genome shotgun sequence:48040..48682:IncFIB(S)_1__FN432031:98.911353
GCA_028890405.1	IncX1	IncX1_4__JN935898	JN935898	98.94	100.0	377	377	2910..3286	JARCHH010000021.1 Salmonella enterica subsp. enterica serovar Enteritidis strain Salent14 Genome_Assembly_Salent14_contig_21, whole genome shotgun sequence		JARCHH010000021.1 Salmonella enterica subsp. enterica serovar Enteritidis strain Salent14 Genome_Assembly_Salent14_contig_21, whole genome shotgun sequence:2910..3286:IncX1_4__JN935898:98.938992
GCA_028890405.1	IncFII(S)	IncFII(S)_1__CP000858	CP000858	100.0	100.0	262	262	3787..4048	JARCHH010000020.1 Salmonella enterica subsp. enterica serovar Enteritidis strain Salent14 Genome_Assembly_Salent14_contig_20, whole genome shotgun sequence		JARCHH010000020.1 Salmonella enterica subsp. enterica serovar Enteritidis strain Salent14 Genome_Assembly_Salent14_contig_20, whole genome shotgun sequence:3787..4048:IncFII(S)_1__CP000858:100.000000
GCA_028890445.1	IncFII(S)	IncFII(S)_1__CP000858	CP000858	100.0	100.0	262	262	54300..54561	JARCHE010000021.1 Salmonella enterica subsp. enterica serovar Enteritidis strain Salent70 Genome_Assembly_Salent70_contig_21, whole genome shotgun sequence		JARCHE010000021.1 Salmonella enterica subsp. enterica serovar Enteritidis strain Salent70 Genome_Assembly_Salent70_contig_21, whole genome shotgun sequence:54300..54561:IncFII(S)_1__CP000858:100.000000
GCA_028890445.1	IncX1	IncX1_4__JN935898	JN935898	98.94	100.0	377	377	246..622	JARCHE010000022.1 Salmonella enterica subsp. enterica serovar Enteritidis strain Salent70 Genome_Assembly_Salent70_contig_22, whole genome shotgun sequence		JARCHE010000022.1 Salmonella enterica subsp. enterica serovar Enteritidis strain Salent70 Genome_Assembly_Salent70_contig_22, whole genome shotgun sequence:246..622:IncX1_4__JN935898:98.938992
GCA_028890445.1	IncFIB(S)	IncFIB(S)_1__FN432031	FN432031	98.91	100.0	643	643	9666..10308	JARCHE010000021.1 Salmonella enterica subsp. enterica serovar Enteritidis strain Salent70 Genome_Assembly_Salent70_contig_21, whole genome shotgun sequence		JARCHE010000021.1 Salmonella enterica subsp. enterica serovar Enteritidis strain Salent70 Genome_Assembly_Salent70_contig_21, whole genome shotgun sequence:9666..10308:IncFIB(S)_1__FN432031:98.911353
GCA_032541585.1	IncFIB(S)	IncFIB(S)_1__FN432031	FN432031	98.91	100.0	643	643	36763..37405	DAQCXS010000014.1 TPA_asm: Salmonella enterica subsp. enterica serovar Enteritidis strain LJH1024 isolate RM4635, G04-101 SAMN34056853-rid18772093.denovo.16, whole genome shotgun sequence		DAQCXS010000014.1 TPA_asm: Salmonella enterica subsp. enterica serovar Enteritidis strain LJH1024 isolate RM4635, G04-101 SAMN34056853-rid18772093.denovo.16, whole genome shotgun sequence:36763..37405:IncFIB(S)_1__FN432031:98.911353
GCA_032541585.1	IncFII(S)	IncFII(S)_1__CP000858	CP000858	100.0	100.0	262	262	42855..43116	DAQCXS010000014.1 TPA_asm: Salmonella enterica subsp. enterica serovar Enteritidis strain LJH1024 isolate RM4635, G04-101 SAMN34056853-rid18772093.denovo.16, whole genome shotgun sequence		DAQCXS010000014.1 TPA_asm: Salmonella enterica subsp. enterica serovar Enteritidis strain LJH1024 isolate RM4635, G04-101 SAMN34056853-rid18772093.denovo.16, whole genome shotgun sequence:42855..43116:IncFII(S)_1__CP000858:100.000000
GCA_032592355.1	IncFII(S)	IncFII(S)_1__CP000858	CP000858	100.0	100.0	262	262	42855..43116	DAQDLM010000015.1 TPA_asm: Salmonella enterica subsp. enterica serovar Enteritidis strain LJH1349-1 SAMN35365238-rid18738873.denovo.17, whole genome shotgun sequence		DAQDLM010000015.1 TPA_asm: Salmonella enterica subsp. enterica serovar Enteritidis strain LJH1349-1 SAMN35365238-rid18738873.denovo.17, whole genome shotgun sequence:42855..43116:IncFII(S)_1__CP000858:100.000000
GCA_032592355.1	IncFIB(S)	IncFIB(S)_1__FN432031	FN432031	98.91	100.0	643	643	36763..37405	DAQDLM010000015.1 TPA_asm: Salmonella enterica subsp. enterica serovar Enteritidis strain LJH1349-1 SAMN35365238-rid18738873.denovo.17, whole genome shotgun sequence		DAQDLM010000015.1 TPA_asm: Salmonella enterica subsp. enterica serovar Enteritidis strain LJH1349-1 SAMN35365238-rid18738873.denovo.17, whole genome shotgun sequence:36763..37405:IncFIB(S)_1__FN432031:98.911353
GCA_032592355.1	IncI2(Delta)	IncI2(Delta)_1__AP002527	AP002527	98.1	100.0	316	316	54242..54557	DAQDLM010000014.1 TPA_asm: Salmonella enterica subsp. enterica serovar Enteritidis strain LJH1349-1 SAMN35365238-rid18738873.denovo.16, whole genome shotgun sequence		DAQDLM010000014.1 TPA_asm: Salmonella enterica subsp. enterica serovar Enteritidis strain LJH1349-1 SAMN35365238-rid18738873.denovo.16, whole genome shotgun sequence:54242..54557:IncI2(Delta)_1__AP002527:98.101266
GCA_037003385.1	IncFIB(S)	IncFIB(S)_1__FN432031	FN432031	98.91	100.0	643	643	48451..49093	JAQHXE010000012.1 Salmonella enterica subsp. enterica serovar Enteritidis strain FC15955 Scaffold12_1, whole genome shotgun sequence		JAQHXE010000012.1 Salmonella enterica subsp. enterica serovar Enteritidis strain FC15955 Scaffold12_1, whole genome shotgun sequence:48451..49093:IncFIB(S)_1__FN432031:98.911353
GCA_037003385.1	IncFII(S)	IncFII(S)_1__CP000858	CP000858	100.0	100.0	262	262	4198..4459	JAQHXE010000012.1 Salmonella enterica subsp. enterica serovar Enteritidis strain FC15955 Scaffold12_1, whole genome shotgun sequence		JAQHXE010000012.1 Salmonella enterica subsp. enterica serovar Enteritidis strain FC15955 Scaffold12_1, whole genome shotgun sequence:4198..4459:IncFII(S)_1__CP000858:100.000000
GCA_037003665.1	IncX1	IncX1_1__EU370913	EU370913	98.66	100.0	374	374	13001..13374	JAQHWV010000011.1 Salmonella enterica subsp. enterica serovar Enteritidis strain FC10081 Scaffold11, whole genome shotgun sequence		JAQHWV010000011.1 Salmonella enterica subsp. enterica serovar Enteritidis strain FC10081 Scaffold11, whole genome shotgun sequence:13001..13374:IncX1_1__EU370913:98.663102
GCA_037003745.1	IncFIB(S)	IncFIB(S)_1__FN432031	FN432031	98.91	100.0	643	643	9716..10358	JAQHWM010000012.1 Salmonella enterica subsp. enterica serovar Enteritidis strain FC9102 Scaffold12_1, whole genome shotgun sequence		JAQHWM010000012.1 Salmonella enterica subsp. enterica serovar Enteritidis strain FC9102 Scaffold12_1, whole genome shotgun sequence:9716..10358:IncFIB(S)_1__FN432031:98.911353
GCA_037003745.1	IncX1	IncX1_1__EU370913	EU370913	98.66	100.0	374	374	27073..27446	JAQHWM010000014.1 Salmonella enterica subsp. enterica serovar Enteritidis strain FC9102 Scaffold14_1, whole genome shotgun sequence		JAQHWM010000014.1 Salmonella enterica subsp. enterica serovar Enteritidis strain FC9102 Scaffold14_1, whole genome shotgun sequence:27073..27446:IncX1_1__EU370913:98.663102
GCA_037003745.1	IncFII(S)	IncFII(S)_1__CP000858	CP000858	100.0	100.0	262	262	4186..4447	JAQHWM010000018.1 Salmonella enterica subsp. enterica serovar Enteritidis strain FC9102 Scaffold18_1, whole genome shotgun sequence		JAQHWM010000018.1 Salmonella enterica subsp. enterica serovar Enteritidis strain FC9102 Scaffold18_1, whole genome shotgun sequence:4186..4447:IncFII(S)_1__CP000858:100.000000
GCA_037003885.1	IncX1	IncX1_4__JN935898	JN935898	95.76	100.0	377	377	22270..22646	JAQHWI010000013.1 Salmonella enterica subsp. enterica serovar Enteritidis strain FC3598 Scaffold13_1, whole genome shotgun sequence		JAQHWI010000013.1 Salmonella enterica subsp. enterica serovar Enteritidis strain FC3598 Scaffold13_1, whole genome shotgun sequence:22270..22646:IncX1_4__JN935898:95.755968
GCA_041411215.1	IncFII(S)	IncFII(S)_1__CP000858	CP000858	100.0	95.04	249	262	1..249	CP087489.1 Salmonella enterica subsp. enterica strain Z01320SL0038 plasmid pZ01320SL0038_1, complete sequence		CP087489.1 Salmonella enterica subsp. enterica strain Z01320SL0038 plasmid pZ01320SL0038_1, complete sequence:1..249:IncFII(S)_1__CP000858:95.038168
GCA_041411215.1	IncX1	IncX1_1__EU370913	EU370913	98.66	100.0	374	374	5431..5804	CP087490.1 Salmonella enterica subsp. enterica strain Z01320SL0038 plasmid pZ01320SL0038_2, complete sequence		CP087490.1 Salmonella enterica subsp. enterica strain Z01320SL0038 plasmid pZ01320SL0038_2, complete sequence:5431..5804:IncX1_1__EU370913:98.663102
GCA_041411215.1	IncFIB(S)	IncFIB(S)_1__FN432031	FN432031	98.91	100.0	643	643	14726..15368	CP087489.1 Salmonella enterica subsp. enterica strain Z01320SL0038 plasmid pZ01320SL0038_1, complete sequence		CP087489.1 Salmonella enterica subsp. enterica strain Z01320SL0038 plasmid pZ01320SL0038_1, complete sequence:14726..15368:IncFIB(S)_1__FN432031:98.911353
GCA_045376435.1	IncX1	IncX1_4__JN935898	JN935898	95.76	100.0	377	377	28679..29055	JBJIMG010000014.1 Salmonella enterica subsp. enterica serovar Enteritidis strain YZU1473 YZU1473_014, whole genome shotgun sequence		JBJIMG010000014.1 Salmonella enterica subsp. enterica serovar Enteritidis strain YZU1473 YZU1473_014, whole genome shotgun sequence:28679..29055:IncX1_4__JN935898:95.755968
GCA_045376435.1	IncFII(S)	IncFII(S)_1__CP000858	CP000858	100.0	100.0	262	262	3787..4048	JBJIMG010000014.1 Salmonella enterica subsp. enterica serovar Enteritidis strain YZU1473 YZU1473_014, whole genome shotgun sequence		JBJIMG010000014.1 Salmonella enterica subsp. enterica serovar Enteritidis strain YZU1473 YZU1473_014, whole genome shotgun sequence:3787..4048:IncFII(S)_1__CP000858:100.000000
GCA_045376435.1	IncFIB(S)	IncFIB(S)_1__FN432031	FN432031	98.91	100.0	643	643	72783..73425	JBJIMG010000014.1 Salmonella enterica subsp. enterica serovar Enteritidis strain YZU1473 YZU1473_014, whole genome shotgun sequence		JBJIMG010000014.1 Salmonella enterica subsp. enterica serovar Enteritidis strain YZU1473 YZU1473_014, whole genome shotgun sequence:72783..73425:IncFIB(S)_1__FN432031:98.911353
GCA_045376635.1	IncX1	IncX1_4__JN935898	JN935898	95.76	100.0	377	377	18307..18683	JBJIMJ010000018.1 Salmonella enterica subsp. enterica serovar Enteritidis strain YZU1470 YZU1470_018, whole genome shotgun sequence		JBJIMJ010000018.1 Salmonella enterica subsp. enterica serovar Enteritidis strain YZU1470 YZU1470_018, whole genome shotgun sequence:18307..18683:IncX1_4__JN935898:95.755968
GCA_045376635.1	IncFIB(S)	IncFIB(S)_1__FN432031	FN432031	98.91	100.0	643	643	33075..33717	JBJIMJ010000015.1 Salmonella enterica subsp. enterica serovar Enteritidis strain YZU1470 YZU1470_015, whole genome shotgun sequence		JBJIMJ010000015.1 Salmonella enterica subsp. enterica serovar Enteritidis strain YZU1470 YZU1470_015, whole genome shotgun sequence:33075..33717:IncFIB(S)_1__FN432031:98.911353
GCA_045376635.1	IncFII(S)	IncFII(S)_1__CP000858	CP000858	100.0	100.0	262	262	3787..4048	JBJIMJ010000019.1 Salmonella enterica subsp. enterica serovar Enteritidis strain YZU1470 YZU1470_019, whole genome shotgun sequence		JBJIMJ010000019.1 Salmonella enterica subsp. enterica serovar Enteritidis strain YZU1470 YZU1470_019, whole genome shotgun sequence:3787..4048:IncFII(S)_1__CP000858:100.000000
