Sample,Class,Subclass,Method
GCA_002038285.1,,,EXACTX
GCA_002038285.1,,,BLASTX
GCA_002038285.1,,,BLASTX
GCA_002038285.1,,,EXACTX
GCA_002038285.1,GOLD,GOLD,EXACTX
GCA_002038285.1,COPPER/GOLD,COPPER/GOLD,BLASTX
GCA_002038285.1,EFFLUX,EFFLUX,BLASTX
GCA_002038285.1,EFFLUX,EFFLUX,BLASTX
GCA_002038285.1,,,BLASTX
GCA_002038285.1,,,EXACTX
GCA_002038285.1,,,PARTIAL_CONTIG_ENDX
GCA_002038285.1,,,BLASTX
GCA_002038285.1,,,EXACTX
GCA_002038285.1,,,BLASTX
GCA_002038285.1,,,EXACTX
GCA_002038285.1,,,BLASTX
GCA_002038285.1,,,BLASTX
GCA_002038285.1,,,INTERNAL_STOP
GCA_002038285.1,,,BLASTX
GCA_002038285.1,,,EXACTX
GCA_002038285.1,,,BLASTX
GCA_002038285.1,,,EXACTX
GCA_002038285.1,,,BLASTX
GCA_002038285.1,,,BLASTX
GCA_002038285.1,,,BLASTX
GCA_002038285.1,,,BLASTX
GCA_002038285.1,,,EXACTX
GCA_002038285.1,,,EXACTX
GCA_002038285.1,,,EXACTX
GCA_002038285.1,,,PARTIAL_CONTIG_ENDX
GCA_002038285.1,,,BLASTX
GCA_002038285.1,,,EXACTX
GCA_002038285.1,,,BLASTX
GCA_002038285.1,,,BLASTX
GCA_002038285.1,,,BLASTX
GCA_002038285.1,,,BLASTX
GCA_002038285.1,,,BLASTX
GCA_002038285.1,,,BLASTX
GCA_002038285.1,,,PARTIALX
GCA_002038285.1,,,BLASTX
GCA_002038445.1,,,BLASTX
GCA_002038445.1,,,BLASTX
GCA_002038445.1,,,BLASTX
GCA_002038445.1,,,EXACTX
GCA_002038445.1,,,EXACTX
GCA_002038445.1,,,BLASTX
GCA_002038445.1,,,EXACTX
GCA_002038445.1,,,BLASTX
GCA_002038445.1,,,BLASTX
GCA_002038445.1,,,BLASTX
GCA_002038445.1,,,EXACTX
GCA_002038445.1,,,BLASTX
GCA_002038445.1,,,EXACTX
GCA_002038445.1,,,BLASTX
GCA_002038445.1,,,BLASTX
GCA_002038445.1,,,INTERNAL_STOP
GCA_002038445.1,,,EXACTX
GCA_002038445.1,,,BLASTX
GCA_002038445.1,,,BLASTX
GCA_002038445.1,,,BLASTX
GCA_002038445.1,,,BLASTX
GCA_002038445.1,,,EXACTX
GCA_002038445.1,,,BLASTX
GCA_002038445.1,,,BLASTX
GCA_002038445.1,,,EXACTX
GCA_002038445.1,GOLD,GOLD,EXACTX
GCA_002038445.1,COPPER/GOLD,COPPER/GOLD,BLASTX
GCA_002038445.1,EFFLUX,EFFLUX,BLASTX
GCA_002038445.1,EFFLUX,EFFLUX,BLASTX
GCA_002038445.1,,,BLASTX
GCA_002038445.1,,,BLASTX
GCA_002038445.1,,,EXACTX
GCA_002038445.1,,,EXACTX
GCA_002038445.1,,,BLASTX
GCA_002038445.1,,,BLASTX
GCA_002038445.1,,,PARTIALX
GCA_002038445.1,,,BLASTX
GCA_002038445.1,,,PARTIALX
GCA_002038445.1,,,BLASTX
GCA_002038445.1,,,BLASTX
GCA_002038485.1,,,BLASTX
GCA_002038485.1,,,EXACTX
GCA_002038485.1,,,EXACTX
GCA_002038485.1,,,INTERNAL_STOP
GCA_002038485.1,,,BLASTX
GCA_002038485.1,,,EXACTX
GCA_002038485.1,,,BLASTX
GCA_002038485.1,,,EXACTX
GCA_002038485.1,,,BLASTX
GCA_002038485.1,,,BLASTX
GCA_002038485.1,,,BLASTX
GCA_002038485.1,,,BLASTX
GCA_002038485.1,EFFLUX,EFFLUX,BLASTX
GCA_002038485.1,EFFLUX,EFFLUX,BLASTX
GCA_002038485.1,COPPER/GOLD,COPPER/GOLD,BLASTX
GCA_002038485.1,GOLD,GOLD,EXACTX
GCA_002038485.1,,,EXACTX
GCA_002038485.1,,,BLASTX
GCA_002038485.1,,,BLASTX
GCA_002038485.1,,,EXACTX
GCA_002038485.1,,,EXACTX
GCA_002038485.1,,,BLASTX
GCA_002038485.1,,,BLASTX
GCA_002038485.1,,,BLASTX
GCA_002038485.1,,,EXACTX
GCA_002038485.1,,,BLASTX
GCA_002038485.1,,,EXACTX
GCA_002038485.1,,,BLASTX
GCA_002038485.1,,,BLASTX
GCA_002038485.1,,,BLASTX
GCA_002038485.1,,,BLASTX
GCA_002038485.1,,,BLASTX
GCA_002038485.1,,,BLASTX
GCA_002038485.1,,,BLASTX
GCA_002038485.1,,,EXACTX
GCA_002038485.1,,,PARTIALX
GCA_002038485.1,,,BLASTX
GCA_002038485.1,,,EXACTX
GCA_002038485.1,,,BLASTX
GCA_002038485.1,,,BLASTX
GCA_002038585.1,,,BLASTX
GCA_002038585.1,,,BLASTX
GCA_002038585.1,,,BLASTX
GCA_002038585.1,,,INTERNAL_STOP
GCA_002038585.1,,,BLASTX
GCA_002038585.1,,,EXACTX
GCA_002038585.1,,,BLASTX
GCA_002038585.1,,,EXACTX
GCA_002038585.1,,,BLASTX
GCA_002038585.1,,,EXACTX
GCA_002038585.1,,,EXACTX
GCA_002038585.1,,,BLASTX
GCA_002038585.1,,,BLASTX
GCA_002038585.1,,,EXACTX
GCA_002038585.1,,,BLASTX
GCA_002038585.1,,,BLASTX
GCA_002038585.1,,,BLASTX
GCA_002038585.1,,,EXACTX
GCA_002038585.1,,,BLASTX
GCA_002038585.1,,,EXACTX
GCA_002038585.1,EFFLUX,EFFLUX,BLASTX
GCA_002038585.1,EFFLUX,EFFLUX,BLASTX
GCA_002038585.1,COPPER/GOLD,COPPER/GOLD,BLASTX
GCA_002038585.1,GOLD,GOLD,EXACTX
GCA_002038585.1,,,EXACTX
GCA_002038585.1,,,BLASTX
GCA_002038585.1,,,BLASTX
GCA_002038585.1,,,EXACTX
GCA_002038585.1,,,BLASTX
GCA_002038585.1,,,BLASTX
GCA_002038585.1,,,EXACTX
GCA_002038585.1,,,BLASTX
GCA_002038585.1,,,PARTIALX
GCA_002038585.1,,,BLASTX
GCA_002038585.1,,,BLASTX
GCA_002038585.1,,,BLASTX
GCA_002038585.1,,,BLASTX
GCA_002038585.1,,,EXACTX
GCA_002038585.1,,,BLASTX
GCA_002038585.1,,,BLASTX
GCA_002038665.1,,,EXACTX
GCA_002038665.1,,,EXACTX
GCA_002038665.1,,,BLASTX
GCA_002038665.1,,,BLASTX
GCA_002038665.1,,,EXACTX
GCA_002038665.1,,,BLASTX
GCA_002038665.1,,,BLASTX
GCA_002038665.1,,,BLASTX
GCA_002038665.1,,,BLASTX
GCA_002038665.1,,,INTERNAL_STOP
GCA_002038665.1,EFFLUX,EFFLUX,BLASTX
GCA_002038665.1,EFFLUX,EFFLUX,BLASTX
GCA_002038665.1,COPPER/GOLD,COPPER/GOLD,BLASTX
GCA_002038665.1,GOLD,GOLD,EXACTX
GCA_002038665.1,,,EXACTX
GCA_002038665.1,,,BLASTX
GCA_002038665.1,,,BLASTX
GCA_002038665.1,,,EXACTX
GCA_002038665.1,,,BLASTX
GCA_002038665.1,,,EXACTX
GCA_002038665.1,,,BLASTX
GCA_002038665.1,,,BLASTX
GCA_002038665.1,,,EXACTX
GCA_002038665.1,,,BLASTX
GCA_002038665.1,,,BLASTX
GCA_002038665.1,,,EXACTX
GCA_002038665.1,,,EXACTX
GCA_002038665.1,,,PARTIALX
GCA_002038665.1,,,BLASTX
GCA_002038665.1,,,EXACTX
GCA_002038665.1,,,BLASTX
GCA_002038665.1,,,EXACTX
GCA_002038665.1,,,BLASTX
GCA_002038665.1,,,BLASTX
GCA_002038665.1,,,BLASTX
GCA_002038665.1,,,BLASTX
GCA_002038665.1,,,BLASTX
GCA_002038665.1,,,BLASTX
GCA_002038665.1,,,BLASTX
GCA_002038665.1,,,BLASTX
GCA_002038705.1,,,PARTIALX
GCA_002038705.1,,,BLASTX
GCA_002038705.1,,,INTERNAL_STOP
GCA_002038705.1,,,EXACTX
GCA_002038705.1,,,EXACTX
GCA_002038705.1,,,PARTIALX
GCA_002038705.1,EFFLUX,EFFLUX,BLASTX
GCA_002038705.1,EFFLUX,EFFLUX,BLASTX
GCA_002038705.1,COPPER/GOLD,COPPER/GOLD,BLASTX
GCA_002038705.1,GOLD,GOLD,EXACTX
GCA_002038705.1,,,EXACTX
GCA_002038705.1,,,BLASTX
GCA_002038705.1,,,BLASTX
GCA_002038705.1,,,EXACTX
GCA_002038705.1,,,BLASTX
GCA_002038705.1,,,BLASTX
GCA_002038705.1,,,EXACTX
GCA_002038705.1,,,BLASTX
GCA_002038705.1,,,BLASTX
GCA_002038705.1,,,BLASTX
GCA_002038705.1,,,EXACTX
GCA_002038705.1,,,BLASTX
GCA_002038705.1,,,EXACTX
GCA_002038705.1,,,EXACTX
GCA_002038705.1,,,BLASTX
GCA_002038705.1,,,BLASTX
GCA_002038705.1,,,BLASTX
GCA_002038705.1,,,BLASTX
GCA_002038705.1,,,EXACTX
GCA_002038705.1,,,BLASTX
GCA_002038705.1,,,BLASTX
GCA_002038705.1,,,EXACTX
GCA_002038705.1,,,BLASTX
GCA_002038705.1,,,BLASTX
GCA_002038705.1,,,BLASTX
GCA_002038705.1,,,BLASTX
GCA_002038705.1,,,BLASTX
GCA_002038705.1,,,EXACTX
GCA_002038705.1,,,BLASTX
GCA_002038705.1,,,BLASTX
GCA_002038705.1,,,BLASTX
GCA_002038715.1,EFFLUX,EFFLUX,BLASTX
GCA_002038715.1,EFFLUX,EFFLUX,BLASTX
GCA_002038715.1,COPPER/GOLD,COPPER/GOLD,BLASTX
GCA_002038715.1,GOLD,GOLD,EXACTX
GCA_002038715.1,,,EXACTX
GCA_002038715.1,,,BLASTX
GCA_002038715.1,,,BLASTX
GCA_002038715.1,,,EXACTX
GCA_002038715.1,,,BLASTX
GCA_002038715.1,,,BLASTX
GCA_002038715.1,,,EXACTX
GCA_002038715.1,,,BLASTX
GCA_002038715.1,,,EXACTX
GCA_002038715.1,,,INTERNAL_STOP
GCA_002038715.1,,,BLASTX
GCA_002038715.1,,,PARTIALX
GCA_002038715.1,,,EXACTX
GCA_002038715.1,,,EXACTX
GCA_002038715.1,,,EXACTX
GCA_002038715.1,,,BLASTX
GCA_002038715.1,,,BLASTX
GCA_002038715.1,,,BLASTX
GCA_002038715.1,,,BLASTX
GCA_002038715.1,,,BLASTX
GCA_002038715.1,,,EXACTX
GCA_002038715.1,,,BLASTX
GCA_002038715.1,,,EXACTX
GCA_002038715.1,,,EXACTX
GCA_002038715.1,,,BLASTX
GCA_002038715.1,,,BLASTX
GCA_002038715.1,,,BLASTX
GCA_002038715.1,,,BLASTX
GCA_002038715.1,,,BLASTX
GCA_002038715.1,,,EXACTX
GCA_002038715.1,,,BLASTX
GCA_002038715.1,,,PARTIALX
GCA_002038715.1,,,BLASTX
GCA_002038715.1,,,BLASTX
GCA_002038715.1,,,BLASTX
GCA_002038715.1,,,BLASTX
GCA_002038865.1,,,BLASTX
GCA_002038865.1,,,EXACTX
GCA_002038865.1,,,BLASTX
GCA_002038865.1,,,EXACTX
GCA_002038865.1,,,BLASTX
GCA_002038865.1,,,BLASTX
GCA_002038865.1,,,BLASTX
GCA_002038865.1,,,EXACTX
GCA_002038865.1,,,BLASTX
GCA_002038865.1,,,INTERNAL_STOP
GCA_002038865.1,,,EXACTX
GCA_002038865.1,,,EXACTX
GCA_002038865.1,,,BLASTX
GCA_002038865.1,,,BLASTX
GCA_002038865.1,,,BLASTX
GCA_002038865.1,,,BLASTX
GCA_002038865.1,,,EXACTX
GCA_002038865.1,,,EXACTX
GCA_002038865.1,,,BLASTX
GCA_002038865.1,,,BLASTX
GCA_002038865.1,,,EXACTX
GCA_002038865.1,GOLD,GOLD,EXACTX
GCA_002038865.1,COPPER/GOLD,COPPER/GOLD,BLASTX
GCA_002038865.1,EFFLUX,EFFLUX,BLASTX
GCA_002038865.1,EFFLUX,EFFLUX,BLASTX
GCA_002038865.1,,,PARTIALX
GCA_002038865.1,,,BLASTX
GCA_002038865.1,,,EXACTX
GCA_002038865.1,,,BLASTX
GCA_002038865.1,,,BLASTX
GCA_002038865.1,,,EXACTX
GCA_002038865.1,,,BLASTX
GCA_002038865.1,,,BLASTX
GCA_002038865.1,,,BLASTX
GCA_002038865.1,,,BLASTX
GCA_002038865.1,,,EXACTX
GCA_002038865.1,,,BLASTX
GCA_002038865.1,,,PARTIAL_CONTIG_ENDX
GCA_002038865.1,,,BLASTX
GCA_002038865.1,,,BLASTX
GCA_002038865.1,,,PARTIAL_CONTIG_ENDX
GCA_002038945.1,,,PARTIAL_CONTIG_ENDX
GCA_002038945.1,,,BLASTX
GCA_002038945.1,,,EXACTX
GCA_002038945.1,,,BLASTX
GCA_002038945.1,,,EXACTX
GCA_002038945.1,,,BLASTX
GCA_002038945.1,,,BLASTX
GCA_002038945.1,,,INTERNAL_STOP
GCA_002038945.1,,,EXACTX
GCA_002038945.1,,,EXACTX
GCA_002038945.1,EFFLUX,EFFLUX,BLASTX
GCA_002038945.1,EFFLUX,EFFLUX,BLASTX
GCA_002038945.1,COPPER/GOLD,COPPER/GOLD,BLASTX
GCA_002038945.1,GOLD,GOLD,EXACTX
GCA_002038945.1,,,EXACTX
GCA_002038945.1,,,BLASTX
GCA_002038945.1,,,BLASTX
GCA_002038945.1,,,EXACTX
GCA_002038945.1,,,BLASTX
GCA_002038945.1,,,BLASTX
GCA_002038945.1,,,BLASTX
GCA_002038945.1,,,EXACTX
GCA_002038945.1,,,BLASTX
GCA_002038945.1,,,EXACTX
GCA_002038945.1,,,BLASTX
GCA_002038945.1,,,BLASTX
GCA_002038945.1,,,BLASTX
GCA_002038945.1,,,BLASTX
GCA_002038945.1,,,BLASTX
GCA_002038945.1,,,EXACTX
GCA_002038945.1,,,BLASTX
GCA_002038945.1,,,EXACTX
GCA_002038945.1,,,PARTIALX
GCA_002038945.1,,,BLASTX
GCA_002038945.1,,,BLASTX
GCA_002038945.1,,,BLASTX
GCA_002038945.1,,,BLASTX
GCA_002038945.1,,,EXACTX
GCA_002038945.1,,,BLASTX
GCA_002038965.1,,,INTERNAL_STOP
GCA_002038965.1,,,BLASTX
GCA_002038965.1,,,BLASTX
GCA_002038965.1,,,EXACTX
GCA_002038965.1,,,BLASTX
GCA_002038965.1,,,EXACTX
GCA_002038965.1,,,BLASTX
GCA_002038965.1,,,BLASTX
GCA_002038965.1,,,BLASTX
GCA_002038965.1,,,EXACTX
GCA_002038965.1,,,EXACTX
GCA_002038965.1,,,PARTIALX
GCA_002038965.1,,,EXACTX
GCA_002038965.1,,,EXACTX
GCA_002038965.1,,,BLASTX
GCA_002038965.1,,,BLASTX
GCA_002038965.1,,,BLASTX
GCA_002038965.1,,,EXACTX
GCA_002038965.1,,,BLASTX
GCA_002038965.1,,,BLASTX
GCA_002038965.1,,,EXACTX
GCA_002038965.1,GOLD,GOLD,EXACTX
GCA_002038965.1,COPPER/GOLD,COPPER/GOLD,BLASTX
GCA_002038965.1,EFFLUX,EFFLUX,BLASTX
GCA_002038965.1,EFFLUX,EFFLUX,BLASTX
GCA_002038965.1,,,BLASTX
GCA_002038965.1,,,BLASTX
GCA_002038965.1,,,BLASTX
GCA_002038965.1,,,PARTIALX
GCA_002038965.1,,,BLASTX
GCA_002038965.1,,,BLASTX
GCA_002038965.1,,,BLASTX
GCA_002038965.1,,,BLASTX
GCA_002038965.1,,,EXACTX
GCA_002038965.1,,,BLASTX
GCA_002038965.1,,,EXACTX
GCA_002038965.1,,,BLASTX
GCA_002038965.1,,,EXACTX
GCA_002038965.1,,,BLASTX
GCA_002038965.1,,,BLASTX
GCA_002039125.1,,,BLASTX
GCA_002039125.1,,,EXACTX
GCA_002039125.1,,,BLASTX
GCA_002039125.1,,,EXACTX
GCA_002039125.1,,,BLASTX
GCA_002039125.1,,,EXACTX
GCA_002039125.1,,,BLASTX
GCA_002039125.1,,,BLASTX
GCA_002039125.1,,,BLASTX
GCA_002039125.1,,,EXACTX
GCA_002039125.1,,,EXACTX
GCA_002039125.1,,,BLASTX
GCA_002039125.1,,,BLASTX
GCA_002039125.1,,,EXACTX
GCA_002039125.1,GOLD,GOLD,EXACTX
GCA_002039125.1,COPPER/GOLD,COPPER/GOLD,BLASTX
GCA_002039125.1,EFFLUX,EFFLUX,BLASTX
GCA_002039125.1,EFFLUX,EFFLUX,BLASTX
GCA_002039125.1,,,EXACTX
GCA_002039125.1,,,BLASTX
GCA_002039125.1,,,EXACTX
GCA_002039125.1,,,BLASTX
GCA_002039125.1,,,PARTIALX
GCA_002039125.1,,,EXACTX
GCA_002039125.1,,,EXACTX
GCA_002039125.1,,,INTERNAL_STOP
GCA_002039125.1,,,BLASTX
GCA_002039125.1,,,BLASTX
GCA_002039125.1,,,BLASTX
GCA_002039125.1,,,PARTIALX
GCA_002039125.1,,,BLASTX
GCA_002039125.1,,,BLASTX
GCA_002039125.1,,,BLASTX
GCA_002039125.1,,,BLASTX
GCA_002039125.1,,,BLASTX
GCA_002039125.1,,,BLASTX
GCA_002039125.1,,,BLASTX
GCA_002039125.1,,,EXACTX
GCA_002039125.1,,,BLASTX
GCA_002039685.1,,,BLASTX
GCA_002039685.1,,,PARTIALX
GCA_002039685.1,,,EXACTX
GCA_002039685.1,,,BLASTX
GCA_002039685.1,,,EXACTX
GCA_002039685.1,,,BLASTX
GCA_002039685.1,,,BLASTX
GCA_002039685.1,,,BLASTX
GCA_002039685.1,,,BLASTX
GCA_002039685.1,,,EXACTX
GCA_002039685.1,,,BLASTX
GCA_002039685.1,,,INTERNAL_STOP
GCA_002039685.1,,,BLASTX
GCA_002039685.1,,,EXACTX
GCA_002039685.1,,,BLASTX
GCA_002039685.1,,,BLASTX
GCA_002039685.1,,,BLASTX
GCA_002039685.1,,,EXACTX
GCA_002039685.1,,,EXACTX
GCA_002039685.1,,,EXACTX
GCA_002039685.1,,,BLASTX
GCA_002039685.1,,,EXACTX
GCA_002039685.1,,,BLASTX
GCA_002039685.1,,,BLASTX
GCA_002039685.1,,,EXACTX
GCA_002039685.1,GOLD,GOLD,EXACTX
GCA_002039685.1,COPPER/GOLD,COPPER/GOLD,BLASTX
GCA_002039685.1,EFFLUX,EFFLUX,BLASTX
GCA_002039685.1,EFFLUX,EFFLUX,BLASTX
GCA_002039685.1,,,BLASTX
GCA_002039685.1,,,BLASTX
GCA_002039685.1,,,BLASTX
GCA_002039685.1,,,BLASTX
GCA_002039685.1,,,BLASTX
GCA_002039685.1,,,EXACTX
GCA_002039685.1,,,BLASTX
GCA_002039685.1,,,BLASTX
GCA_002039685.1,,,EXACTX
GCA_002039685.1,,,BLASTX
GCA_002039685.1,,,PARTIALX
GCA_002039865.1,,,BLASTX
GCA_002039865.1,,,INTERNAL_STOP
GCA_002039865.1,,,EXACTX
GCA_002039865.1,,,EXACTX
GCA_002039865.1,,,EXACTX
GCA_002039865.1,,,BLASTX
GCA_002039865.1,,,BLASTX
GCA_002039865.1,,,BLASTX
GCA_002039865.1,,,EXACTX
GCA_002039865.1,,,BLASTX
GCA_002039865.1,,,EXACTX
GCA_002039865.1,,,BLASTX
GCA_002039865.1,,,BLASTX
GCA_002039865.1,,,BLASTX
GCA_002039865.1,,,BLASTX
GCA_002039865.1,,,EXACTX
GCA_002039865.1,,,BLASTX
GCA_002039865.1,,,EXACTX
GCA_002039865.1,,,BLASTX
GCA_002039865.1,,,EXACTX
GCA_002039865.1,,,BLASTX
GCA_002039865.1,,,BLASTX
GCA_002039865.1,,,BLASTX
GCA_002039865.1,,,BLASTX
GCA_002039865.1,,,BLASTX
GCA_002039865.1,,,BLASTX
GCA_002039865.1,,,BLASTX
GCA_002039865.1,,,EXACTX
GCA_002039865.1,,,BLASTX
GCA_002039865.1,,,PARTIALX
GCA_002039865.1,EFFLUX,EFFLUX,BLASTX
GCA_002039865.1,EFFLUX,EFFLUX,BLASTX
GCA_002039865.1,COPPER/GOLD,COPPER/GOLD,BLASTX
GCA_002039865.1,GOLD,GOLD,EXACTX
GCA_002039865.1,,,EXACTX
GCA_002039865.1,,,BLASTX
GCA_002039865.1,,,BLASTX
GCA_002039865.1,,,EXACTX
GCA_002039865.1,,,BLASTX
GCA_002039965.1,,,EXACTX
GCA_002039965.1,,,BLASTX
GCA_002039965.1,,,BLASTX
GCA_002039965.1,,,EXACTX
GCA_002039965.1,GOLD,GOLD,EXACTX
GCA_002039965.1,COPPER/GOLD,COPPER/GOLD,BLASTX
GCA_002039965.1,EFFLUX,EFFLUX,BLASTX
GCA_002039965.1,EFFLUX,EFFLUX,BLASTX
GCA_002039965.1,,,PARTIAL_CONTIG_ENDX
GCA_002039965.1,,,BLASTX
GCA_002039965.1,,,EXACTX
GCA_002039965.1,,,BLASTX
GCA_002039965.1,,,EXACTX
GCA_002039965.1,,,BLASTX
GCA_002039965.1,,,EXACTX
GCA_002039965.1,,,BLASTX
GCA_002039965.1,,,EXACTX
GCA_002039965.1,,,BLASTX
GCA_002039965.1,,,BLASTX
GCA_002039965.1,,,BLASTX
GCA_002039965.1,,,EXACTX
GCA_002039965.1,,,BLASTX
GCA_002039965.1,,,EXACTX
GCA_002039965.1,,,BLASTX
GCA_002039965.1,,,BLASTX
GCA_002039965.1,,,INTERNAL_STOP
GCA_002039965.1,,,BLASTX
GCA_002039965.1,,,EXACTX
GCA_002039965.1,,,PARTIALX
GCA_002039965.1,,,BLASTX
GCA_002039965.1,,,BLASTX
GCA_002039965.1,,,BLASTX
GCA_002039965.1,,,EXACTX
GCA_002039965.1,,,BLASTX
GCA_002039965.1,,,BLASTX
GCA_002039965.1,,,BLASTX
GCA_002039965.1,,,BLASTX
GCA_002039965.1,,,BLASTX
GCA_002039965.1,,,EXACTX
GCA_002041695.1,,,EXACTX
GCA_002041695.1,,,EXACTX
GCA_002041695.1,,,INTERNAL_STOP
GCA_002041695.1,,,BLASTX
GCA_002041695.1,,,BLASTX
GCA_002041695.1,,,EXACTX
GCA_002041695.1,,,BLASTX
GCA_002041695.1,,,EXACTX
GCA_002041695.1,,,BLASTX
GCA_002041695.1,,,BLASTX
GCA_002041695.1,,,BLASTX
GCA_002041695.1,,,EXACTX
GCA_002041695.1,,,BLASTX
GCA_002041695.1,,,BLASTX
GCA_002041695.1,,,BLASTX
GCA_002041695.1,,,BLASTX
GCA_002041695.1,,,BLASTX
GCA_002041695.1,,,EXACTX
GCA_002041695.1,,,EXACTX
GCA_002041695.1,,,BLASTX
GCA_002041695.1,,,EXACTX
GCA_002041695.1,,,BLASTX
GCA_002041695.1,,,BLASTX
GCA_002041695.1,,,BLASTX
GCA_002041695.1,,,BLASTX
GCA_002041695.1,,,EXACTX
GCA_002041695.1,,,BLASTX
GCA_002041695.1,,,BLASTX
GCA_002041695.1,,,EXACTX
GCA_002041695.1,GOLD,GOLD,EXACTX
GCA_002041695.1,COPPER/GOLD,COPPER/GOLD,BLASTX
GCA_002041695.1,EFFLUX,EFFLUX,BLASTX
GCA_002041695.1,EFFLUX,EFFLUX,BLASTX
GCA_002041695.1,,,PARTIALX
GCA_002041695.1,,,BLASTX
GCA_002041695.1,,,BLASTX
GCA_002041695.1,,,EXACTX
GCA_002041695.1,,,BLASTX
GCA_002041695.1,,,BLASTX
GCA_002041695.1,,,BLASTX
GCA_002041835.1,,,BLASTX
GCA_002041835.1,,,BLASTX
GCA_002041835.1,,,EXACTX
GCA_002041835.1,,,BLASTX
GCA_002041835.1,,,EXACTX
GCA_002041835.1,,,BLASTX
GCA_002041835.1,,,BLASTX
GCA_002041835.1,,,BLASTX
GCA_002041835.1,,,BLASTX
GCA_002041835.1,,,INTERNAL_STOP
GCA_002041835.1,,,EXACTX
GCA_002041835.1,,,EXACTX
GCA_002041835.1,,,BLASTX
GCA_002041835.1,,,BLASTX
GCA_002041835.1,,,EXACTX
GCA_002041835.1,,,PARTIALX
GCA_002041835.1,,,EXACTX
GCA_002041835.1,,,BLASTX
GCA_002041835.1,,,BLASTX
GCA_002041835.1,,,EXACTX
GCA_002041835.1,GOLD,GOLD,EXACTX
GCA_002041835.1,COPPER/GOLD,COPPER/GOLD,BLASTX
GCA_002041835.1,EFFLUX,EFFLUX,BLASTX
GCA_002041835.1,EFFLUX,EFFLUX,BLASTX
GCA_002041835.1,,,BLASTX
GCA_002041835.1,,,EXACTX
GCA_002041835.1,,,BLASTX
GCA_002041835.1,,,EXACTX
GCA_002041835.1,,,BLASTX
GCA_002041835.1,,,BLASTX
GCA_002041835.1,,,BLASTX
GCA_002041835.1,,,EXACTX
GCA_002041835.1,,,BLASTX
GCA_002041835.1,,,BLASTX
GCA_002041835.1,,,BLASTX
GCA_002041835.1,,,EXACTX
GCA_002041835.1,,,BLASTX
GCA_002041835.1,,,BLASTX
GCA_002041835.1,,,BLASTX
GCA_002041835.1,,,BLASTX
GCA_002041835.1,,,BLASTX
GCA_002041835.1,,,PARTIALX
GCA_002041955.1,,,BLASTX
GCA_002041955.1,,,EXACTX
GCA_002041955.1,,,PARTIAL_CONTIG_ENDX
GCA_002041955.1,,,BLASTX
GCA_002041955.1,,,EXACTX
GCA_002041955.1,,,BLASTX
GCA_002041955.1,,,EXACTX
GCA_002041955.1,,,BLASTX
GCA_002041955.1,,,BLASTX
GCA_002041955.1,,,BLASTX
GCA_002041955.1,,,EXACTX
GCA_002041955.1,,,BLASTX
GCA_002041955.1,,,EXACTX
GCA_002041955.1,,,BLASTX
GCA_002041955.1,,,BLASTX
GCA_002041955.1,,,BLASTX
GCA_002041955.1,,,INTERNAL_STOP
GCA_002041955.1,,,EXACTX
GCA_002041955.1,,,EXACTX
GCA_002041955.1,,,BLASTX
GCA_002041955.1,,,BLASTX
GCA_002041955.1,,,PARTIALX
GCA_002041955.1,,,BLASTX
GCA_002041955.1,,,EXACTX
GCA_002041955.1,EFFLUX,EFFLUX,BLASTX
GCA_002041955.1,EFFLUX,EFFLUX,BLASTX
GCA_002041955.1,COPPER/GOLD,COPPER/GOLD,BLASTX
GCA_002041955.1,GOLD,GOLD,EXACTX
GCA_002041955.1,,,EXACTX
GCA_002041955.1,,,BLASTX
GCA_002041955.1,,,BLASTX
GCA_002041955.1,,,EXACTX
GCA_002041955.1,,,BLASTX
GCA_002041955.1,,,EXACTX
GCA_002041955.1,,,BLASTX
GCA_002041955.1,,,BLASTX
GCA_002041955.1,,,BLASTX
GCA_002041955.1,,,BLASTX
GCA_002041955.1,,,BLASTX
GCA_002041955.1,,,BLASTX
GCA_002042015.1,,,BLASTX
GCA_002042015.1,,,EXACTX
GCA_002042015.1,,,EXACTX
GCA_002042015.1,,,INTERNAL_STOP
GCA_002042015.1,,,BLASTX
GCA_002042015.1,,,BLASTX
GCA_002042015.1,,,EXACTX
GCA_002042015.1,,,BLASTX
GCA_002042015.1,,,EXACTX
GCA_002042015.1,,,EXACTX
GCA_002042015.1,,,BLASTX
GCA_002042015.1,,,BLASTX
GCA_002042015.1,,,EXACTX
GCA_002042015.1,,,BLASTX
GCA_002042015.1,,,BLASTX
GCA_002042015.1,,,PARTIALX
GCA_002042015.1,,,BLASTX
GCA_002042015.1,,,EXACTX
GCA_002042015.1,,,BLASTX
GCA_002042015.1,,,BLASTX
GCA_002042015.1,,,BLASTX
GCA_002042015.1,,,EXACTX
GCA_002042015.1,,,BLASTX
GCA_002042015.1,,,BLASTX
GCA_002042015.1,,,EXACTX
GCA_002042015.1,,,BLASTX
GCA_002042015.1,,,BLASTX
GCA_002042015.1,,,EXACTX
GCA_002042015.1,GOLD,GOLD,EXACTX
GCA_002042015.1,COPPER/GOLD,COPPER/GOLD,BLASTX
GCA_002042015.1,EFFLUX,EFFLUX,BLASTX
GCA_002042015.1,EFFLUX,EFFLUX,BLASTX
GCA_002042015.1,,,BLASTX
GCA_002042015.1,,,BLASTX
GCA_002042015.1,,,BLASTX
GCA_002042015.1,,,EXACTX
GCA_002042015.1,,,BLASTX
GCA_002042015.1,,,BLASTX
GCA_002042015.1,,,BLASTX
GCA_002042015.1,,,BLASTX
GCA_002042065.1,,,EXACTX
GCA_002042065.1,,,BLASTX
GCA_002042065.1,,,EXACTX
GCA_002042065.1,,,BLASTX
GCA_002042065.1,,,EXACTX
GCA_002042065.1,,,BLASTX
GCA_002042065.1,,,BLASTX
GCA_002042065.1,,,BLASTX
GCA_002042065.1,,,BLASTX
GCA_002042065.1,,,BLASTX
GCA_002042065.1,,,BLASTX
GCA_002042065.1,,,PARTIALX
GCA_002042065.1,,,BLASTX
GCA_002042065.1,,,EXACTX
GCA_002042065.1,,,BLASTX
GCA_002042065.1,,,BLASTX
GCA_002042065.1,,,BLASTX
GCA_002042065.1,,,EXACTX
GCA_002042065.1,,,BLASTX
GCA_002042065.1,,,EXACTX
GCA_002042065.1,,,BLASTX
GCA_002042065.1,,,BLASTX
GCA_002042065.1,,,INTERNAL_STOP
GCA_002042065.1,,,EXACTX
GCA_002042065.1,,,EXACTX
GCA_002042065.1,,,BLASTX
GCA_002042065.1,,,EXACTX
GCA_002042065.1,,,BLASTX
GCA_002042065.1,,,BLASTX
GCA_002042065.1,,,EXACTX
GCA_002042065.1,GOLD,GOLD,EXACTX
GCA_002042065.1,COPPER/GOLD,COPPER/GOLD,BLASTX
GCA_002042065.1,EFFLUX,EFFLUX,BLASTX
GCA_002042065.1,EFFLUX,EFFLUX,BLASTX
GCA_002042065.1,,,BLASTX
GCA_002042065.1,,,BLASTX
GCA_002042065.1,,,BLASTX
GCA_002042065.1,,,BLASTX
GCA_002042065.1,,,EXACTX
GCA_002042065.1,,,BLASTX
GCA_002042755.1,,,EXACTX
GCA_002042755.1,,,EXACTX
GCA_002042755.1,,,INTERNAL_STOP
GCA_002042755.1,,,BLASTX
GCA_002042755.1,,,BLASTX
GCA_002042755.1,,,EXACTX
GCA_002042755.1,,,BLASTX
GCA_002042755.1,,,EXACTX
GCA_002042755.1,,,BLASTX
GCA_002042755.1,,,EXACTX
GCA_002042755.1,,,BLASTX
GCA_002042755.1,,,EXACTX
GCA_002042755.1,,,BLASTX
GCA_002042755.1,,,PARTIAL_CONTIG_ENDX
GCA_002042755.1,,,PARTIALX
GCA_002042755.1,,,EXACTX
GCA_002042755.1,,,BLASTX
GCA_002042755.1,,,EXACTX
GCA_002042755.1,,,BLASTX
GCA_002042755.1,,,BLASTX
GCA_002042755.1,,,BLASTX
GCA_002042755.1,,,EXACTX
GCA_002042755.1,,,BLASTX
GCA_002042755.1,,,BLASTX
GCA_002042755.1,,,EXACTX
GCA_002042755.1,GOLD,GOLD,EXACTX
GCA_002042755.1,COPPER/GOLD,COPPER/GOLD,BLASTX
GCA_002042755.1,EFFLUX,EFFLUX,BLASTX
GCA_002042755.1,EFFLUX,EFFLUX,BLASTX
GCA_002042755.1,,,BLASTX
GCA_002042755.1,,,BLASTX
GCA_002042755.1,,,BLASTX
GCA_002042755.1,,,BLASTX
GCA_002042755.1,,,BLASTX
GCA_002042755.1,,,BLASTX
GCA_002042755.1,,,BLASTX
GCA_002042755.1,,,EXACTX
GCA_002042755.1,,,BLASTX
GCA_002042755.1,,,BLASTX
GCA_002065725.1,,,BLASTX
GCA_002065725.1,,,INTERNAL_STOP
GCA_002065725.1,,,EXACTX
GCA_002065725.1,,,EXACTX
GCA_002065725.1,,,EXACTX
GCA_002065725.1,,,BLASTX
GCA_002065725.1,EFFLUX,EFFLUX,BLASTX
GCA_002065725.1,EFFLUX,EFFLUX,BLASTX
GCA_002065725.1,COPPER/GOLD,COPPER/GOLD,BLASTX
GCA_002065725.1,GOLD,GOLD,EXACTX
GCA_002065725.1,,,EXACTX
GCA_002065725.1,,,BLASTX
GCA_002065725.1,,,BLASTX
GCA_002065725.1,,,EXACTX
GCA_002065725.1,,,BLASTX
GCA_002065725.1,,,EXACTX
GCA_002065725.1,,,BLASTX
GCA_002065725.1,,,BLASTX
GCA_002065725.1,,,EXACTX
GCA_002065725.1,,,BLASTX
GCA_002065725.1,,,BLASTX
GCA_002065725.1,,,BLASTX
GCA_002065725.1,,,BLASTX
GCA_002065725.1,,,PARTIALX
GCA_002065725.1,,,BLASTX
GCA_002065725.1,,,BLASTX
GCA_002065725.1,,,BLASTX
GCA_002065725.1,,,EXACTX
GCA_002065725.1,,,BLASTX
GCA_002065725.1,,,EXACTX
GCA_002065725.1,,,BLASTX
GCA_002065725.1,,,BLASTX
GCA_002065725.1,AMINOGLYCOSIDE,STREPTOMYCIN,EXACTX
GCA_002065725.1,AMINOGLYCOSIDE,GENTAMICIN,EXACTX
GCA_002065725.1,QUATERNARY AMMONIUM,QUATERNARY AMMONIUM,ALLELEX
GCA_002065725.1,SULFONAMIDE,SULFONAMIDE,EXACTX
GCA_002065725.1,,,EXACTX
GCA_002065725.1,,,BLASTX
GCA_002065725.1,,,BLASTX
GCA_002065725.1,,,BLASTX
GCA_003873435.1,,,PARTIAL_CONTIG_ENDX
GCA_003873435.1,,,EXACTX
GCA_003873435.1,,,EXACTX
GCA_003873435.1,,,INTERNAL_STOP
GCA_003873435.1,,,BLASTX
GCA_003873435.1,,,BLASTX
GCA_003873435.1,,,EXACTX
GCA_003873435.1,,,BLASTX
GCA_003873435.1,,,EXACTX
GCA_003873435.1,,,BLASTX
GCA_003873435.1,,,PARTIAL_CONTIG_ENDX
GCA_003873435.1,,,EXACTX
GCA_003873435.1,,,BLASTX
GCA_003873435.1,,,EXACTX
GCA_003873435.1,,,BLASTX
GCA_003873435.1,,,BLASTX
GCA_003873435.1,,,BLASTX
GCA_003873435.1,,,BLASTX
GCA_003873435.1,,,EXACTX
GCA_003873435.1,,,BLASTX
GCA_003873435.1,,,BLASTX
GCA_003873435.1,,,EXACTX
GCA_003873435.1,,,BLASTX
GCA_003873435.1,,,BLASTX
GCA_003873435.1,,,EXACTX
GCA_003873435.1,GOLD,GOLD,EXACTX
GCA_003873435.1,COPPER/GOLD,COPPER/GOLD,BLASTX
GCA_003873435.1,EFFLUX,EFFLUX,BLASTX
GCA_003873435.1,EFFLUX,EFFLUX,BLASTX
GCA_003873435.1,,,BLASTX
GCA_003873435.1,,,EXACTX
GCA_003873435.1,,,BLASTX
GCA_003873435.1,,,BLASTX
GCA_003873435.1,,,PARTIALX
GCA_003873435.1,,,BLASTX
GCA_003873435.1,,,BLASTX
GCA_003873435.1,,,BLASTX
GCA_003873435.1,,,BLASTX
GCA_003873435.1,,,EXACTX
GCA_003873435.1,,,BLASTX
GCA_004227205.1,,,BLASTX
GCA_004227205.1,,,EXACTX
GCA_004227205.1,,,PARTIAL_CONTIG_ENDX
GCA_004227205.1,,,BLASTX
GCA_004227205.1,,,EXACTX
GCA_004227205.1,GOLD,GOLD,EXACTX
GCA_004227205.1,COPPER/GOLD,COPPER/GOLD,BLASTX
GCA_004227205.1,EFFLUX,EFFLUX,BLASTX
GCA_004227205.1,EFFLUX,EFFLUX,BLASTX
GCA_004227205.1,,,EXACTX
GCA_004227205.1,,,BLASTX
GCA_004227205.1,,,BLASTX
GCA_004227205.1,,,EXACTX
GCA_004227205.1,,,BLASTX
GCA_004227205.1,,,EXACTX
GCA_004227205.1,,,BLASTX
GCA_004227205.1,,,BLASTX
GCA_004227205.1,,,EXACTX
GCA_004227205.1,,,BLASTX
GCA_004227205.1,,,BLASTX
GCA_004227205.1,,,BLASTX
GCA_004227205.1,,,EXACTX
GCA_004227205.1,,,BLASTX
GCA_004227205.1,,,BLASTX
GCA_004227205.1,,,BLASTX
GCA_004227205.1,,,BLASTX
GCA_004227205.1,,,EXACTX
GCA_004227205.1,,,BLASTX
GCA_004227205.1,,,BLASTX
GCA_004227205.1,,,BLASTX
GCA_004227205.1,,,PARTIALX
GCA_004227205.1,,,BLASTX
GCA_004227205.1,,,BLASTX
GCA_004227205.1,,,EXACTX
GCA_004227205.1,,,INTERNAL_STOP
GCA_004227205.1,,,PARTIAL_CONTIG_ENDX
GCA_004227205.1,,,EXACTX
GCA_004227205.1,,,PARTIAL_CONTIG_ENDX
GCA_004227205.1,,,PARTIAL_CONTIG_ENDX
GCA_006002245.1,,,EXACTX
GCA_006002245.1,,,BLASTX
GCA_006002245.1,,,BLASTX
GCA_006002245.1,,,EXACTX
GCA_006002245.1,,,EXACTX
GCA_006002245.1,,,PARTIALX
GCA_006002245.1,,,BLASTX
GCA_006002245.1,,,BLASTX
GCA_006002245.1,,,BLASTX
GCA_006002245.1,,,BLASTX
GCA_006002245.1,,,EXACTX
GCA_006002245.1,,,EXACTX
GCA_006002245.1,,,BLASTX
GCA_006002245.1,GOLD,GOLD,EXACTX
GCA_006002245.1,COPPER/GOLD,COPPER/GOLD,BLASTX
GCA_006002245.1,EFFLUX,EFFLUX,BLASTX
GCA_006002245.1,EFFLUX,EFFLUX,BLASTX
GCA_006002245.1,,,EXACTX
GCA_006002245.1,,,BLASTX
GCA_006002245.1,,,BLASTX
GCA_006002245.1,,,BLASTX
GCA_006002245.1,,,BLASTX
GCA_006002245.1,,,BLASTX
GCA_006002245.1,,,EXACTX
GCA_006002245.1,,,BLASTX
GCA_006002245.1,,,BLASTX
GCA_006002245.1,,,BLASTX
GCA_006002245.1,,,BLASTX
GCA_006002245.1,,,BLASTX
GCA_006002245.1,,,BLASTX
GCA_006002245.1,,,BLASTX
GCA_006002245.1,,,EXACTX
GCA_006002245.1,,,BLASTX
GCA_006002245.1,,,EXACTX
GCA_006002245.1,,,BLASTX
GCA_006002245.1,,,INTERNAL_STOP
GCA_006002245.1,,,PARTIAL_CONTIG_ENDX
GCA_006002245.1,,,EXACTX
GCA_006002245.1,,,BLASTX
GCA_006002405.1,,,BLASTX
GCA_006002405.1,,,EXACTX
GCA_006002405.1,,,BLASTX
GCA_006002405.1,,,EXACTX
GCA_006002405.1,,,BLASTX
GCA_006002405.1,,,BLASTX
GCA_006002405.1,,,BLASTX
GCA_006002405.1,,,EXACTX
GCA_006002405.1,,,BLASTX
GCA_006002405.1,,,BLASTX
GCA_006002405.1,,,EXACTX
GCA_006002405.1,,,BLASTX
GCA_006002405.1,,,BLASTX
GCA_006002405.1,,,EXACTX
GCA_006002405.1,,,BLASTX
GCA_006002405.1,,,BLASTX
GCA_006002405.1,,,EXACTX
GCA_006002405.1,GOLD,GOLD,EXACTX
GCA_006002405.1,COPPER/GOLD,COPPER/GOLD,BLASTX
GCA_006002405.1,EFFLUX,EFFLUX,BLASTX
GCA_006002405.1,EFFLUX,EFFLUX,BLASTX
GCA_006002405.1,,,PARTIALX
GCA_006002405.1,,,BLASTX
GCA_006002405.1,,,BLASTX
GCA_006002405.1,,,BLASTX
GCA_006002405.1,,,EXACTX
GCA_006002405.1,,,EXACTX
GCA_006002405.1,,,INTERNAL_STOP
GCA_006002405.1,,,EXACTX
GCA_006002405.1,,,BLASTX
GCA_006002405.1,,,BLASTX
GCA_006002405.1,,,BLASTX
GCA_006002405.1,,,EXACTX
GCA_006002405.1,,,BLASTX
GCA_006002405.1,,,BLASTX
GCA_006002405.1,,,BLASTX
GCA_006002405.1,,,BLASTX
GCA_006002405.1,,,EXACTX
GCA_006002405.1,,,BLASTX
GCA_006002405.1,,,BLASTX
GCA_006074615.1,,,BLASTX
GCA_006074615.1,,,INTERNAL_STOP
GCA_006074615.1,,,EXACTX
GCA_006074615.1,,,EXACTX
GCA_006074615.1,,,BLASTX
GCA_006074615.1,,,EXACTX
GCA_006074615.1,,,BLASTX
GCA_006074615.1,,,EXACTX
GCA_006074615.1,,,BLASTX
GCA_006074615.1,,,BLASTX
GCA_006074615.1,,,BLASTX
GCA_006074615.1,,,BLASTX
GCA_006074615.1,,,EXACTX
GCA_006074615.1,,,BLASTX
GCA_006074615.1,,,EXACTX
GCA_006074615.1,,,BLASTX
GCA_006074615.1,,,BLASTX
GCA_006074615.1,,,BLASTX
GCA_006074615.1,,,EXACTX
GCA_006074615.1,,,BLASTX
GCA_006074615.1,,,EXACTX
GCA_006074615.1,,,BLASTX
GCA_006074615.1,,,BLASTX
GCA_006074615.1,,,EXACTX
GCA_006074615.1,,,BLASTX
GCA_006074615.1,,,BLASTX
GCA_006074615.1,,,EXACTX
GCA_006074615.1,GOLD,GOLD,EXACTX
GCA_006074615.1,COPPER/GOLD,COPPER/GOLD,BLASTX
GCA_006074615.1,EFFLUX,EFFLUX,BLASTX
GCA_006074615.1,EFFLUX,EFFLUX,BLASTX
GCA_006074615.1,,,BLASTX
GCA_006074615.1,,,BLASTX
GCA_006074615.1,,,BLASTX
GCA_006074615.1,,,BLASTX
GCA_006074615.1,,,PARTIALX
GCA_006074615.1,,,BLASTX
GCA_006074615.1,,,EXACTX
GCA_006074615.1,,,BLASTX
GCA_006074615.1,,,BLASTX
GCA_006076575.1,,,EXACTX
GCA_006076575.1,,,BLASTX
GCA_006076575.1,,,BLASTX
GCA_006076575.1,,,BLASTX
GCA_006076575.1,,,INTERNAL_STOP
GCA_006076575.1,,,EXACTX
GCA_006076575.1,,,EXACTX
GCA_006076575.1,,,BLASTX
GCA_006076575.1,,,EXACTX
GCA_006076575.1,,,EXACTX
GCA_006076575.1,,,BLASTX
GCA_006076575.1,EFFLUX,EFFLUX,BLASTX
GCA_006076575.1,EFFLUX,EFFLUX,BLASTX
GCA_006076575.1,COPPER/GOLD,COPPER/GOLD,BLASTX
GCA_006076575.1,GOLD,GOLD,EXACTX
GCA_006076575.1,,,BLASTX
GCA_006076575.1,,,EXACTX
GCA_006076575.1,,,BLASTX
GCA_006076575.1,,,BLASTX
GCA_006076575.1,,,BLASTX
GCA_006076575.1,,,EXACTX
GCA_006076575.1,,,BLASTX
GCA_006076575.1,,,BLASTX
GCA_006076575.1,,,BLASTX
GCA_006076575.1,,,BLASTX
GCA_006076575.1,,,EXACTX
GCA_006076575.1,,,PARTIALX
GCA_006076575.1,,,BLASTX
GCA_006076575.1,,,EXACTX
GCA_006076575.1,,,PARTIAL_CONTIG_ENDX
GCA_006076575.1,,,BLASTX
GCA_006076575.1,,,BLASTX
GCA_006076575.1,,,EXACTX
GCA_006076575.1,,,BLASTX
GCA_006076575.1,,,PARTIAL_CONTIG_ENDX
GCA_006076575.1,,,EXACTX
GCA_006076575.1,,,PARTIAL_CONTIG_ENDX
GCA_006076575.1,,,BLASTX
GCA_006076875.1,,,EXACTX
GCA_006076875.1,,,BLASTX
GCA_006076875.1,,,EXACTX
GCA_006076875.1,,,EXACTX
GCA_006076875.1,,,BLASTX
GCA_006076875.1,,,EXACTX
GCA_006076875.1,,,BLASTX
GCA_006076875.1,,,BLASTX
GCA_006076875.1,,,BLASTX
GCA_006076875.1,,,BLASTX
GCA_006076875.1,,,EXACTX
GCA_006076875.1,,,BLASTX
GCA_006076875.1,,,EXACTX
GCA_006076875.1,EFFLUX,EFFLUX,BLASTX
GCA_006076875.1,EFFLUX,EFFLUX,BLASTX
GCA_006076875.1,COPPER/GOLD,COPPER/GOLD,BLASTX
GCA_006076875.1,GOLD,GOLD,EXACTX
GCA_006076875.1,,,BLASTX
GCA_006076875.1,,,BLASTX
GCA_006076875.1,,,BLASTX
GCA_006076875.1,,,EXACTX
GCA_006076875.1,,,BLASTX
GCA_006076875.1,,,BLASTX
GCA_006076875.1,,,BLASTX
GCA_006076875.1,,,EXACTX
GCA_006076875.1,,,BLASTX
GCA_006076875.1,,,PARTIALX
GCA_006076875.1,,,BLASTX
GCA_006076875.1,,,EXACTX
GCA_006076875.1,,,PARTIAL_CONTIG_ENDX
GCA_006076875.1,,,BLASTX
GCA_006076875.1,,,BLASTX
GCA_006076875.1,,,EXACTX
GCA_006076875.1,,,BLASTX
GCA_006076875.1,,,INTERNAL_STOP
GCA_006076875.1,,,BLASTX
GCA_006076875.1,,,BLASTX
GCA_006144215.1,,,EXACTX
GCA_006144215.1,,,BLASTX
GCA_006144215.1,,,EXACTX
GCA_006144215.1,GOLD,GOLD,EXACTX
GCA_006144215.1,COPPER/GOLD,COPPER/GOLD,BLASTX
GCA_006144215.1,EFFLUX,EFFLUX,BLASTX
GCA_006144215.1,EFFLUX,EFFLUX,BLASTX
GCA_006144215.1,,,EXACTX
GCA_006144215.1,,,BLASTX
GCA_006144215.1,,,EXACTX
GCA_006144215.1,,,EXACTX
GCA_006144215.1,,,BLASTX
GCA_006144215.1,,,BLASTX
GCA_006144215.1,,,BLASTX
GCA_006144215.1,,,BLASTX
GCA_006144215.1,,,EXACTX
GCA_006144215.1,,,EXACTX
GCA_006144215.1,,,BLASTX
GCA_006144215.1,,,BLASTX
GCA_006144215.1,,,BLASTX
GCA_006144215.1,,,BLASTX
GCA_006144215.1,,,BLASTX
GCA_006144215.1,,,BLASTX
GCA_006144215.1,,,EXACTX
GCA_006144215.1,,,PARTIALX
GCA_006144215.1,,,BLASTX
GCA_006144215.1,,,EXACTX
GCA_006144215.1,,,BLASTX
GCA_006144215.1,,,BLASTX
GCA_006144215.1,,,BLASTX
GCA_006144215.1,,,EXACTX
GCA_006144215.1,,,PARTIAL_CONTIG_ENDX
GCA_006144215.1,,,BLASTX
GCA_006144215.1,,,INTERNAL_STOP
GCA_006144215.1,,,PARTIAL_CONTIG_ENDX
GCA_006144215.1,,,BLASTX
GCA_006144215.1,,,BLASTX
GCA_006144215.1,,,BLASTX
GCA_006145915.1,,,EXACTX
GCA_006145915.1,,,BLASTX
GCA_006145915.1,,,BLASTX
GCA_006145915.1,,,EXACTX
GCA_006145915.1,,,EXACTX
GCA_006145915.1,,,BLASTX
GCA_006145915.1,,,BLASTX
GCA_006145915.1,,,BLASTX
GCA_006145915.1,,,BLASTX
GCA_006145915.1,,,EXACTX
GCA_006145915.1,EFFLUX,EFFLUX,BLASTX
GCA_006145915.1,EFFLUX,EFFLUX,BLASTX
GCA_006145915.1,COPPER/GOLD,COPPER/GOLD,BLASTX
GCA_006145915.1,GOLD,GOLD,EXACTX
GCA_006145915.1,,,BLASTX
GCA_006145915.1,,,BLASTX
GCA_006145915.1,,,BLASTX
GCA_006145915.1,,,EXACTX
GCA_006145915.1,,,BLASTX
GCA_006145915.1,,,BLASTX
GCA_006145915.1,,,EXACTX
GCA_006145915.1,,,BLASTX
GCA_006145915.1,,,BLASTX
GCA_006145915.1,,,PARTIALX
GCA_006145915.1,,,BLASTX
GCA_006145915.1,,,EXACTX
GCA_006145915.1,,,PARTIAL_CONTIG_ENDX
GCA_006145915.1,,,BLASTX
GCA_006145915.1,,,EXACTX
GCA_006145915.1,,,PARTIAL_CONTIG_ENDX
GCA_006145915.1,,,EXACTX
GCA_006145915.1,,,INTERNAL_STOP
GCA_006145915.1,,,BLASTX
GCA_006145915.1,,,EXACTX
GCA_006145915.1,,,BLASTX
GCA_006145915.1,,,PARTIAL_CONTIG_ENDX
GCA_006145915.1,,,BLASTX
GCA_006473805.1,,,INTERNAL_STOP
GCA_006473805.1,,,BLASTX
GCA_006473805.1,,,EXACTX
GCA_006473805.1,,,BLASTX
GCA_006473805.1,,,EXACTX
GCA_006473805.1,,,BLASTX
GCA_006473805.1,,,BLASTX
GCA_006473805.1,,,BLASTX
GCA_006473805.1,,,EXACTX
GCA_006473805.1,,,EXACTX
GCA_006473805.1,,,BLASTX
GCA_006473805.1,,,EXACTX
GCA_006473805.1,,,BLASTX
GCA_006473805.1,,,BLASTX
GCA_006473805.1,,,BLASTX
GCA_006473805.1,,,BLASTX
GCA_006473805.1,,,BLASTX
GCA_006473805.1,,,EXACTX
GCA_006473805.1,,,EXACTX
GCA_006473805.1,,,BLASTX
GCA_006473805.1,GOLD,GOLD,EXACTX
GCA_006473805.1,COPPER/GOLD,COPPER/GOLD,BLASTX
GCA_006473805.1,EFFLUX,EFFLUX,BLASTX
GCA_006473805.1,EFFLUX,EFFLUX,BLASTX
GCA_006473805.1,,,EXACTX
GCA_006473805.1,,,BLASTX
GCA_006473805.1,,,BLASTX
GCA_006473805.1,,,EXACTX
GCA_006473805.1,,,BLASTX
GCA_006473805.1,,,BLASTX
GCA_006473805.1,,,BLASTX
GCA_006473805.1,,,BLASTX
GCA_006473805.1,,,BLASTX
GCA_006473805.1,,,PARTIALX
GCA_006473805.1,,,BLASTX
GCA_006473805.1,,,EXACTX
GCA_006473805.1,,,BLASTX
GCA_006473805.1,,,BLASTX
GCA_006473805.1,,,PARTIAL_CONTIG_ENDX
GCA_006683205.1,,,BLASTX
GCA_006683205.1,,,EXACTX
GCA_006683205.1,,,INTERNAL_STOP
GCA_006683205.1,,,BLASTX
GCA_006683205.1,,,BLASTX
GCA_006683205.1,,,EXACTX
GCA_006683205.1,,,BLASTX
GCA_006683205.1,,,EXACTX
GCA_006683205.1,,,BLASTX
GCA_006683205.1,,,BLASTX
GCA_006683205.1,,,BLASTX
GCA_006683205.1,,,EXACTX
GCA_006683205.1,,,EXACTX
GCA_006683205.1,,,BLASTX
GCA_006683205.1,,,BLASTX
GCA_006683205.1,,,EXACTX
GCA_006683205.1,GOLD,GOLD,EXACTX
GCA_006683205.1,COPPER/GOLD,COPPER/GOLD,BLASTX
GCA_006683205.1,EFFLUX,EFFLUX,BLASTX
GCA_006683205.1,EFFLUX,EFFLUX,BLASTX
GCA_006683205.1,,,BLASTX
GCA_006683205.1,,,EXACTX
GCA_006683205.1,,,EXACTX
GCA_006683205.1,,,BLASTX
GCA_006683205.1,,,BLASTX
GCA_006683205.1,,,BLASTX
GCA_006683205.1,,,EXACTX
GCA_006683205.1,,,BLASTX
GCA_006683205.1,,,BLASTX
GCA_006683205.1,,,BLASTX
GCA_006683205.1,,,BLASTX
GCA_006683205.1,,,PARTIALX
GCA_006683205.1,,,BLASTX
GCA_006683205.1,,,BLASTX
GCA_006683205.1,,,BLASTX
GCA_006683205.1,,,BLASTX
GCA_006683205.1,,,EXACTX
GCA_006683205.1,,,BLASTX
GCA_006683205.1,,,BLASTX
GCA_007391565.1,,,BLASTX
GCA_007391565.1,,,EXACTX
GCA_007391565.1,,,BLASTX
GCA_007391565.1,,,BLASTX
GCA_007391565.1,,,BLASTX
GCA_007391565.1,,,EXACTX
GCA_007391565.1,,,EXACTX
GCA_007391565.1,,,BLASTX
GCA_007391565.1,,,BLASTX
GCA_007391565.1,,,BLASTX
GCA_007391565.1,,,BLASTX
GCA_007391565.1,,,EXACTX
GCA_007391565.1,,,BLASTX
GCA_007391565.1,GOLD,GOLD,EXACTX
GCA_007391565.1,COPPER/GOLD,COPPER/GOLD,BLASTX
GCA_007391565.1,EFFLUX,EFFLUX,BLASTX
GCA_007391565.1,EFFLUX,EFFLUX,BLASTX
GCA_007391565.1,,,EXACTX
GCA_007391565.1,,,BLASTX
GCA_007391565.1,,,BLASTX
GCA_007391565.1,,,EXACTX
GCA_007391565.1,,,EXACTX
GCA_007391565.1,,,BLASTX
GCA_007391565.1,,,BLASTX
GCA_007391565.1,,,BLASTX
GCA_007391565.1,,,BLASTX
GCA_007391565.1,,,BLASTX
GCA_007391565.1,,,BLASTX
GCA_007391565.1,,,EXACTX
GCA_007391565.1,,,BLASTX
GCA_007391565.1,,,BLASTX
GCA_007391565.1,,,BLASTX
GCA_007391565.1,,,PARTIALX
GCA_007391565.1,,,BLASTX
GCA_007391565.1,,,BLASTX
GCA_007391565.1,,,INTERNAL_STOP
GCA_007391565.1,,,PARTIAL_CONTIG_ENDX
GCA_007391565.1,,,EXACTX
GCA_007742535.1,,,BLASTX
GCA_007742535.1,,,EXACTX
GCA_007742535.1,,,EXACTX
GCA_007742535.1,,,INTERNAL_STOP
GCA_007742535.1,,,BLASTX
GCA_007742535.1,,,BLASTX
GCA_007742535.1,,,EXACTX
GCA_007742535.1,,,BLASTX
GCA_007742535.1,,,EXACTX
GCA_007742535.1,,,BLASTX
GCA_007742535.1,,,BLASTX
GCA_007742535.1,,,BLASTX
GCA_007742535.1,,,EXACTX
GCA_007742535.1,,,PARTIALX
GCA_007742535.1,,,BLASTX
GCA_007742535.1,,,BLASTX
GCA_007742535.1,,,EXACTX
GCA_007742535.1,,,EXACTX
GCA_007742535.1,,,BLASTX
GCA_007742535.1,,,EXACTX
GCA_007742535.1,,,BLASTX
GCA_007742535.1,,,BLASTX
GCA_007742535.1,,,BLASTX
GCA_007742535.1,,,BLASTX
GCA_007742535.1,,,EXACTX
GCA_007742535.1,,,BLASTX
GCA_007742535.1,,,BLASTX
GCA_007742535.1,,,EXACTX
GCA_007742535.1,GOLD,GOLD,EXACTX
GCA_007742535.1,COPPER/GOLD,COPPER/GOLD,BLASTX
GCA_007742535.1,EFFLUX,EFFLUX,BLASTX
GCA_007742535.1,EFFLUX,EFFLUX,BLASTX
GCA_007742535.1,,,BLASTX
GCA_007742535.1,,,BLASTX
GCA_007742535.1,,,BLASTX
GCA_007742535.1,,,BLASTX
GCA_007742535.1,,,BLASTX
GCA_007742535.1,,,EXACTX
GCA_007742535.1,,,BLASTX
GCA_007742535.1,,,BLASTX
GCA_007855315.1,,,EXACTX
GCA_007855315.1,,,BLASTX
GCA_007855315.1,,,EXACTX
GCA_007855315.1,,,BLASTX
GCA_007855315.1,,,BLASTX
GCA_007855315.1,,,BLASTX
GCA_007855315.1,,,BLASTX
GCA_007855315.1,,,BLASTX
GCA_007855315.1,,,EXACTX
GCA_007855315.1,,,BLASTX
GCA_007855315.1,,,BLASTX
GCA_007855315.1,,,BLASTX
GCA_007855315.1,,,EXACTX
GCA_007855315.1,,,EXACTX
GCA_007855315.1,,,BLASTX
GCA_007855315.1,,,BLASTX
GCA_007855315.1,,,BLASTX
GCA_007855315.1,,,EXACTX
GCA_007855315.1,,,BLASTX
GCA_007855315.1,GOLD,GOLD,EXACTX
GCA_007855315.1,COPPER/GOLD,COPPER/GOLD,BLASTX
GCA_007855315.1,EFFLUX,EFFLUX,BLASTX
GCA_007855315.1,EFFLUX,EFFLUX,BLASTX
GCA_007855315.1,,,EXACTX
GCA_007855315.1,,,INTERNAL_STOP
GCA_007855315.1,,,EXACTX
GCA_007855315.1,,,BLASTX
GCA_007855315.1,,,BLASTX
GCA_007855315.1,,,EXACTX
GCA_007855315.1,,,BLASTX
GCA_007855315.1,,,BLASTX
GCA_007855315.1,,,BLASTX
GCA_007855315.1,,,BLASTX
GCA_007855315.1,,,BLASTX
GCA_007855315.1,,,PARTIALX
GCA_007855315.1,,,BLASTX
GCA_007855315.1,,,EXACTX
GCA_007855315.1,,,BLASTX
GCA_007855315.1,,,BLASTX
GCA_008003705.1,,,EXACTX
GCA_008003705.1,,,BLASTX
GCA_008003705.1,,,EXACTX
GCA_008003705.1,,,BLASTX
GCA_008003705.1,,,BLASTX
GCA_008003705.1,,,BLASTX
GCA_008003705.1,,,BLASTX
GCA_008003705.1,,,EXACTX
GCA_008003705.1,,,BLASTX
GCA_008003705.1,,,EXACTX
GCA_008003705.1,,,BLASTX
GCA_008003705.1,,,BLASTX
GCA_008003705.1,,,BLASTX
GCA_008003705.1,,,EXACTX
GCA_008003705.1,,,BLASTX
GCA_008003705.1,,,EXACTX
GCA_008003705.1,,,BLASTX
GCA_008003705.1,,,BLASTX
GCA_008003705.1,,,BLASTX
GCA_008003705.1,GOLD,GOLD,EXACTX
GCA_008003705.1,COPPER/GOLD,COPPER/GOLD,BLASTX
GCA_008003705.1,EFFLUX,EFFLUX,BLASTX
GCA_008003705.1,EFFLUX,EFFLUX,BLASTX
GCA_008003705.1,,,BLASTX
GCA_008003705.1,,,BLASTX
GCA_008003705.1,,,BLASTX
GCA_008003705.1,,,BLASTX
GCA_008003705.1,,,PARTIALX
GCA_008003705.1,,,EXACTX
GCA_008003705.1,,,BLASTX
GCA_008003705.1,,,BLASTX
GCA_008003705.1,,,INTERNAL_STOP
GCA_008003705.1,,,BLASTX
GCA_008003705.1,,,BLASTX
GCA_008003705.1,,,EXACTX
GCA_008003705.1,MERCURY,MERCURY,BLASTX
GCA_008003705.1,MERCURY,MERCURY,EXACTX
GCA_008003705.1,MERCURY,MERCURY,BLASTX
GCA_008003705.1,MERCURY,ORGANOMERCURY,EXACTX
GCA_008003705.1,QUATERNARY AMMONIUM,QUATERNARY AMMONIUM,ALLELEX
GCA_008003705.1,AMINOGLYCOSIDE,STREPTOMYCIN,EXACTX
GCA_008003705.1,TRIMETHOPRIM,TRIMETHOPRIM,EXACTX
GCA_008003705.1,BETA-LACTAM,BETA-LACTAM,ALLELEX
GCA_008003705.1,,,BLASTX
GCA_008003705.1,,,EXACTX
GCA_008003705.1,,,BLASTX
GCA_008003705.1,,,BLASTX
GCA_008003705.1,,,EXACTX
GCA_008003705.1,BETA-LACTAM,BETA-LACTAM,ALLELEX
GCA_008003705.1,TRIMETHOPRIM,TRIMETHOPRIM,EXACTX
GCA_008003705.1,AMINOGLYCOSIDE,STREPTOMYCIN,EXACTX
GCA_008003705.1,QUATERNARY AMMONIUM,QUATERNARY AMMONIUM,ALLELEX
GCA_008003705.1,MERCURY,ORGANOMERCURY,EXACTX
GCA_008003705.1,MERCURY,MERCURY,BLASTX
GCA_008003705.1,MERCURY,MERCURY,EXACTX
GCA_008003705.1,MERCURY,MERCURY,BLASTX
GCA_008005975.1,,,INTERNAL_STOP
GCA_008005975.1,,,BLASTX
GCA_008005975.1,,,BLASTX
GCA_008005975.1,,,EXACTX
GCA_008005975.1,,,BLASTX
GCA_008005975.1,,,EXACTX
GCA_008005975.1,,,BLASTX
GCA_008005975.1,,,BLASTX
GCA_008005975.1,,,BLASTX
GCA_008005975.1,,,EXACTX
GCA_008005975.1,,,EXACTX
GCA_008005975.1,,,BLASTX
GCA_008005975.1,,,EXACTX
GCA_008005975.1,,,BLASTX
GCA_008005975.1,,,BLASTX
GCA_008005975.1,,,BLASTX
GCA_008005975.1,,,EXACTX
GCA_008005975.1,,,BLASTX
GCA_008005975.1,,,BLASTX
GCA_008005975.1,,,EXACTX
GCA_008005975.1,GOLD,GOLD,EXACTX
GCA_008005975.1,COPPER/GOLD,COPPER/GOLD,BLASTX
GCA_008005975.1,EFFLUX,EFFLUX,BLASTX
GCA_008005975.1,EFFLUX,EFFLUX,BLASTX
GCA_008005975.1,,,BLASTX
GCA_008005975.1,,,EXACTX
GCA_008005975.1,,,BLASTX
GCA_008005975.1,,,EXACTX
GCA_008005975.1,,,EXACTX
GCA_008005975.1,,,BLASTX
GCA_008005975.1,,,BLASTX
GCA_008005975.1,,,BLASTX
GCA_008005975.1,,,BLASTX
GCA_008005975.1,,,BLASTX
GCA_008005975.1,,,BLASTX
GCA_008005975.1,,,PARTIALX
GCA_008005975.1,,,BLASTX
GCA_008005975.1,,,EXACTX
GCA_008005975.1,,,BLASTX
GCA_008005975.1,,,BLASTX
GCA_008025695.1,,,EXACTX
GCA_008025695.1,,,BLASTX
GCA_008025695.1,,,BLASTX
GCA_008025695.1,,,BLASTX
GCA_008025695.1,,,EXACTX
GCA_008025695.1,,,BLASTX
GCA_008025695.1,,,BLASTX
GCA_008025695.1,,,BLASTX
GCA_008025695.1,,,BLASTX
GCA_008025695.1,,,BLASTX
GCA_008025695.1,,,EXACTX
GCA_008025695.1,,,BLASTX
GCA_008025695.1,,,BLASTX
GCA_008025695.1,,,EXACTX
GCA_008025695.1,,,EXACTX
GCA_008025695.1,,,BLASTX
GCA_008025695.1,,,BLASTX
GCA_008025695.1,,,BLASTX
GCA_008025695.1,,,BLASTX
GCA_008025695.1,,,EXACTX
GCA_008025695.1,,,BLASTX
GCA_008025695.1,GOLD,GOLD,EXACTX
GCA_008025695.1,COPPER/GOLD,COPPER/GOLD,BLASTX
GCA_008025695.1,EFFLUX,EFFLUX,BLASTX
GCA_008025695.1,EFFLUX,EFFLUX,BLASTX
GCA_008025695.1,,,EXACTX
GCA_008025695.1,,,EXACTX
GCA_008025695.1,,,BLASTX
GCA_008025695.1,,,EXACTX
GCA_008025695.1,,,BLASTX
GCA_008025695.1,,,BLASTX
GCA_008025695.1,,,INTERNAL_STOP
GCA_008025695.1,,,BLASTX
GCA_008025695.1,,,EXACTX
GCA_008025695.1,,,PARTIALX
GCA_008025695.1,,,BLASTX
GCA_008025695.1,,,EXACTX
GCA_008025695.1,,,BLASTX
GCA_008025695.1,,,BLASTX
GCA_008025695.1,,,PARTIAL_CONTIG_ENDX
GCA_008116765.1,,,BLASTX
GCA_008116765.1,,,EXACTX
GCA_008116765.1,,,BLASTX
GCA_008116765.1,,,BLASTX
GCA_008116765.1,,,BLASTX
GCA_008116765.1,,,EXACTX
GCA_008116765.1,,,BLASTX
GCA_008116765.1,,,BLASTX
GCA_008116765.1,,,BLASTX
GCA_008116765.1,,,EXACTX
GCA_008116765.1,,,BLASTX
GCA_008116765.1,GOLD,GOLD,EXACTX
GCA_008116765.1,COPPER/GOLD,COPPER/GOLD,BLASTX
GCA_008116765.1,EFFLUX,EFFLUX,BLASTX
GCA_008116765.1,EFFLUX,EFFLUX,BLASTX
GCA_008116765.1,,,EXACTX
GCA_008116765.1,,,INTERNAL_STOP
GCA_008116765.1,,,BLASTX
GCA_008116765.1,,,BLASTX
GCA_008116765.1,,,EXACTX
GCA_008116765.1,,,BLASTX
GCA_008116765.1,,,EXACTX
GCA_008116765.1,,,BLASTX
GCA_008116765.1,,,PARTIAL_CONTIG_ENDX
GCA_008116765.1,,,BLASTX
GCA_008116765.1,,,EXACTX
GCA_008116765.1,,,BLASTX
GCA_008116765.1,,,BLASTX
GCA_008116765.1,,,BLASTX
GCA_008116765.1,,,EXACTX
GCA_008116765.1,,,BLASTX
GCA_008116765.1,,,BLASTX
GCA_008116765.1,,,BLASTX
GCA_008116765.1,,,BLASTX
GCA_008116765.1,,,PARTIALX
GCA_008116765.1,BETA-LACTAM,BETA-LACTAM,ALLELEX
GCA_008116765.1,,,EXACTX
GCA_008116765.1,BETA-LACTAM,BETA-LACTAM,ALLELEX
GCA_008913225.1,,,BLASTX
GCA_008913225.1,,,BLASTX
GCA_008913225.1,,,BLASTX
GCA_008913225.1,,,BLASTX
GCA_008913225.1,,,EXACTX
GCA_008913225.1,,,BLASTX
GCA_008913225.1,,,EXACTX
GCA_008913225.1,,,EXACTX
GCA_008913225.1,,,INTERNAL_STOP
GCA_008913225.1,,,BLASTX
GCA_008913225.1,,,BLASTX
GCA_008913225.1,,,BLASTX
GCA_008913225.1,,,EXACTX
GCA_008913225.1,,,EXACTX
GCA_008913225.1,,,BLASTX
GCA_008913225.1,,,EXACTX
GCA_008913225.1,,,BLASTX
GCA_008913225.1,,,BLASTX
GCA_008913225.1,,,EXACTX
GCA_008913225.1,,,BLASTX
GCA_008913225.1,EFFLUX,EFFLUX,BLASTX
GCA_008913225.1,EFFLUX,EFFLUX,BLASTX
GCA_008913225.1,COPPER/GOLD,COPPER/GOLD,BLASTX
GCA_008913225.1,GOLD,GOLD,EXACTX
GCA_008913225.1,,,BLASTX
GCA_008913225.1,,,BLASTX
GCA_008913225.1,,,EXACTX
GCA_008913225.1,,,PARTIALX
GCA_008913225.1,,,BLASTX
GCA_008913225.1,,,BLASTX
GCA_008913225.1,,,BLASTX
GCA_008913225.1,,,BLASTX
GCA_008913225.1,,,BLASTX
GCA_008913225.1,QUATERNARY AMMONIUM,QUATERNARY AMMONIUM,ALLELEX
GCA_008913225.1,AMINOGLYCOSIDE,STREPTOMYCIN,EXACTX
GCA_008913225.1,TRIMETHOPRIM,TRIMETHOPRIM,EXACTX
GCA_008913225.1,BETA-LACTAM,BETA-LACTAM,ALLELEX
GCA_008913225.1,MERCURY,MERCURY,BLASTX
GCA_008913225.1,MERCURY,MERCURY,EXACTX
GCA_008913225.1,MERCURY,MERCURY,BLASTX
GCA_008913225.1,,,BLASTX
GCA_008913225.1,,,BLASTX
GCA_008913225.1,,,EXACTX
GCA_008913225.1,MERCURY,ORGANOMERCURY,PARTIAL_CONTIG_ENDX
GCA_008913225.1,BETA-LACTAM,BETA-LACTAM,ALLELEX
GCA_008913225.1,TRIMETHOPRIM,TRIMETHOPRIM,EXACTX
GCA_008913225.1,AMINOGLYCOSIDE,STREPTOMYCIN,EXACTX
GCA_008913225.1,QUATERNARY AMMONIUM,QUATERNARY AMMONIUM,ALLELEX
GCA_009074345.1,,,BLASTX
GCA_009074345.1,,,EXACTX
GCA_009074345.1,,,EXACTX
GCA_009074345.1,,,BLASTX
GCA_009074345.1,,,BLASTX
GCA_009074345.1,,,BLASTX
GCA_009074345.1,,,EXACTX
GCA_009074345.1,,,BLASTX
GCA_009074345.1,,,EXACTX
GCA_009074345.1,,,BLASTX
GCA_009074345.1,,,BLASTX
GCA_009074345.1,,,EXACTX
GCA_009074345.1,GOLD,GOLD,EXACTX
GCA_009074345.1,COPPER/GOLD,COPPER/GOLD,BLASTX
GCA_009074345.1,EFFLUX,EFFLUX,BLASTX
GCA_009074345.1,EFFLUX,EFFLUX,BLASTX
GCA_009074345.1,,,BLASTX
GCA_009074345.1,,,BLASTX
GCA_009074345.1,,,BLASTX
GCA_009074345.1,,,BLASTX
GCA_009074345.1,,,EXACTX
GCA_009074345.1,,,BLASTX
GCA_009074345.1,,,EXACTX
GCA_009074345.1,,,BLASTX
GCA_009074345.1,,,BLASTX
GCA_009074345.1,,,BLASTX
GCA_009074345.1,,,BLASTX
GCA_009074345.1,,,PARTIALX
GCA_009074345.1,,,BLASTX
GCA_009074345.1,,,BLASTX
GCA_009074345.1,,,INTERNAL_STOP
GCA_009074345.1,,,BLASTX
GCA_009074345.1,,,BLASTX
GCA_009074345.1,,,BLASTX
GCA_009074345.1,,,EXACTX
GCA_009074345.1,,,BLASTX
GCA_009074345.1,,,BLASTX
GCA_009227165.1,,,PARTIALX
GCA_009227165.1,,,BLASTX
GCA_009227165.1,,,BLASTX
GCA_009227165.1,,,BLASTX
GCA_009227165.1,,,EXACTX
GCA_009227165.1,,,EXACTX
GCA_009227165.1,,,BLASTX
GCA_009227165.1,GOLD,GOLD,EXACTX
GCA_009227165.1,COPPER/GOLD,COPPER/GOLD,BLASTX
GCA_009227165.1,EFFLUX,EFFLUX,BLASTX
GCA_009227165.1,EFFLUX,EFFLUX,BLASTX
GCA_009227165.1,,,BLASTX
GCA_009227165.1,,,EXACTX
GCA_009227165.1,,,BLASTX
GCA_009227165.1,,,BLASTX
GCA_009227165.1,,,EXACTX
GCA_009227165.1,,,BLASTX
GCA_009227165.1,,,BLASTX
GCA_009227165.1,,,EXACTX
GCA_009227165.1,,,BLASTX
GCA_009227165.1,,,EXACTX
GCA_009227165.1,,,BLASTX
GCA_009227165.1,,,BLASTX
GCA_009227165.1,,,INTERNAL_STOP
GCA_009227165.1,,,BLASTX
GCA_009227165.1,,,BLASTX
GCA_009227165.1,,,BLASTX
GCA_009227165.1,,,BLASTX
GCA_009227165.1,,,EXACTX
GCA_009227165.1,,,PARTIAL_CONTIG_ENDX
GCA_009227165.1,,,BLASTX
GCA_009227165.1,,,BLASTX
GCA_009227165.1,,,EXACTX
GCA_009227165.1,,,BLASTX
GCA_009227165.1,,,EXACTX
GCA_009227165.1,,,BLASTX
GCA_009227165.1,,,EXACTX
GCA_009507675.1,,,BLASTX
GCA_009507675.1,,,INTERNAL_STOP
GCA_009507675.1,,,EXACTX
GCA_009507675.1,,,EXACTX
GCA_009507675.1,,,BLASTX
GCA_009507675.1,,,EXACTX
GCA_009507675.1,,,BLASTX
GCA_009507675.1,,,BLASTX
GCA_009507675.1,,,BLASTX
GCA_009507675.1,,,BLASTX
GCA_009507675.1,,,EXACTX
GCA_009507675.1,,,EXACTX
GCA_009507675.1,,,BLASTX
GCA_009507675.1,,,BLASTX
GCA_009507675.1,,,BLASTX
GCA_009507675.1,,,EXACTX
GCA_009507675.1,,,BLASTX
GCA_009507675.1,GOLD,GOLD,EXACTX
GCA_009507675.1,COPPER/GOLD,COPPER/GOLD,BLASTX
GCA_009507675.1,EFFLUX,EFFLUX,BLASTX
GCA_009507675.1,EFFLUX,EFFLUX,BLASTX
GCA_009507675.1,,,EXACTX
GCA_009507675.1,,,BLASTX
GCA_009507675.1,,,BLASTX
GCA_009507675.1,,,EXACTX
GCA_009507675.1,,,BLASTX
GCA_009507675.1,,,BLASTX
GCA_009507675.1,,,EXACTX
GCA_009507675.1,,,BLASTX
GCA_009507675.1,,,BLASTX
GCA_009507675.1,,,BLASTX
GCA_009507675.1,,,BLASTX
GCA_009507675.1,,,PARTIALX
GCA_009507675.1,,,BLASTX
GCA_009507675.1,BETA-LACTAM,BETA-LACTAM,ALLELEX
GCA_009507675.1,,,BLASTX
GCA_009507675.1,,,EXACTX
GCA_009507675.1,,,EXACTX
GCA_009507675.1,,,BLASTX
GCA_009507675.1,,,BLASTX
GCA_009507675.1,BETA-LACTAM,BETA-LACTAM,ALLELEX
GCA_009618955.1,,,BLASTX
GCA_009618955.1,,,BLASTX
GCA_009618955.1,,,EXACTX
GCA_009618955.1,,,BLASTX
GCA_009618955.1,,,EXACTX
GCA_009618955.1,,,BLASTX
GCA_009618955.1,,,BLASTX
GCA_009618955.1,,,BLASTX
GCA_009618955.1,,,EXACTX
GCA_009618955.1,,,EXACTX
GCA_009618955.1,,,BLASTX
GCA_009618955.1,,,EXACTX
GCA_009618955.1,,,BLASTX
GCA_009618955.1,,,BLASTX
GCA_009618955.1,,,BLASTX
GCA_009618955.1,,,BLASTX
GCA_009618955.1,,,EXACTX
GCA_009618955.1,,,INTERNAL_STOP
GCA_009618955.1,,,EXACTX
GCA_009618955.1,,,BLASTX
GCA_009618955.1,,,BLASTX
GCA_009618955.1,,,EXACTX
GCA_009618955.1,GOLD,GOLD,EXACTX
GCA_009618955.1,COPPER/GOLD,COPPER/GOLD,BLASTX
GCA_009618955.1,EFFLUX,EFFLUX,BLASTX
GCA_009618955.1,EFFLUX,EFFLUX,BLASTX
GCA_009618955.1,,,PARTIALX
GCA_009618955.1,,,BLASTX
GCA_009618955.1,,,BLASTX
GCA_009618955.1,,,EXACTX
GCA_009618955.1,,,BLASTX
GCA_009618955.1,,,BLASTX
GCA_009618955.1,,,BLASTX
GCA_009618955.1,,,BLASTX
GCA_009618955.1,,,BLASTX
GCA_009618955.1,,,BLASTX
GCA_009618955.1,,,EXACTX
GCA_009618955.1,,,BLASTX
GCA_009618955.1,,,BLASTX
GCA_009624535.1,,,EXACTX
GCA_009624535.1,,,BLASTX
GCA_009624535.1,,,EXACTX
GCA_009624535.1,,,BLASTX
GCA_009624535.1,,,BLASTX
GCA_009624535.1,,,EXACTX
GCA_009624535.1,,,INTERNAL_STOP
GCA_009624535.1,,,BLASTX
GCA_009624535.1,,,EXACTX
GCA_009624535.1,,,BLASTX
GCA_009624535.1,,,BLASTX
GCA_009624535.1,,,EXACTX
GCA_009624535.1,GOLD,GOLD,EXACTX
GCA_009624535.1,COPPER/GOLD,COPPER/GOLD,BLASTX
GCA_009624535.1,EFFLUX,EFFLUX,BLASTX
GCA_009624535.1,EFFLUX,EFFLUX,BLASTX
GCA_009624535.1,,,BLASTX
GCA_009624535.1,,,EXACTX
GCA_009624535.1,,,BLASTX
GCA_009624535.1,,,EXACTX
GCA_009624535.1,,,BLASTX
GCA_009624535.1,,,BLASTX
GCA_009624535.1,,,BLASTX
GCA_009624535.1,,,EXACTX
GCA_009624535.1,,,BLASTX
GCA_009624535.1,,,BLASTX
GCA_009624535.1,,,BLASTX
GCA_009624535.1,,,BLASTX
GCA_009624535.1,,,BLASTX
GCA_009624535.1,,,EXACTX
GCA_009624535.1,,,BLASTX
GCA_009624535.1,,,BLASTX
GCA_009624535.1,,,BLASTX
GCA_009624535.1,,,BLASTX
GCA_009624535.1,,,PARTIALX
GCA_009624535.1,,,BLASTX
GCA_009624535.1,,,EXACTX
GCA_009624535.1,,,BLASTX
GCA_009624535.1,,,BLASTX
GCA_011084405.1,,,BLASTX
GCA_011084405.1,,,BLASTX
GCA_011084405.1,,,EXACTX
GCA_011084405.1,,,BLASTX
GCA_011084405.1,,,EXACTX
GCA_011084405.1,,,BLASTX
GCA_011084405.1,,,BLASTX
GCA_011084405.1,,,BLASTX
GCA_011084405.1,,,EXACTX
GCA_011084405.1,,,EXACTX
GCA_011084405.1,,,BLASTX
GCA_011084405.1,,,EXACTX
GCA_011084405.1,,,BLASTX
GCA_011084405.1,,,BLASTX
GCA_011084405.1,,,BLASTX
GCA_011084405.1,,,BLASTX
GCA_011084405.1,,,EXACTX
GCA_011084405.1,,,INTERNAL_STOP
GCA_011084405.1,,,EXACTX
GCA_011084405.1,,,BLASTX
GCA_011084405.1,,,BLASTX
GCA_011084405.1,,,EXACTX
GCA_011084405.1,GOLD,GOLD,EXACTX
GCA_011084405.1,COPPER/GOLD,COPPER/GOLD,BLASTX
GCA_011084405.1,EFFLUX,EFFLUX,BLASTX
GCA_011084405.1,EFFLUX,EFFLUX,BLASTX
GCA_011084405.1,,,BLASTX
GCA_011084405.1,,,EXACTX
GCA_011084405.1,,,BLASTX
GCA_011084405.1,,,BLASTX
GCA_011084405.1,,,BLASTX
GCA_011084405.1,,,BLASTX
GCA_011084405.1,,,BLASTX
GCA_011084405.1,,,BLASTX
GCA_011084405.1,,,PARTIALX
GCA_011084405.1,,,BLASTX
GCA_011084405.1,,,BLASTX
GCA_011084405.1,,,EXACTX
GCA_011084405.1,,,BLASTX
GCA_011208605.1,,,BLASTX
GCA_011208605.1,,,EXACTX
GCA_011208605.1,,,BLASTX
GCA_011208605.1,,,EXACTX
GCA_011208605.1,,,BLASTX
GCA_011208605.1,,,EXACTX
GCA_011208605.1,EFFLUX,EFFLUX,BLASTX
GCA_011208605.1,EFFLUX,EFFLUX,BLASTX
GCA_011208605.1,COPPER/GOLD,COPPER/GOLD,BLASTX
GCA_011208605.1,GOLD,GOLD,EXACTX
GCA_011208605.1,,,BLASTX
GCA_011208605.1,,,BLASTX
GCA_011208605.1,,,EXACTX
GCA_011208605.1,,,BLASTX
GCA_011208605.1,,,BLASTX
GCA_011208605.1,,,PARTIAL_CONTIG_ENDX
GCA_011208605.1,,,BLASTX
GCA_011208605.1,,,BLASTX
GCA_011208605.1,,,PARTIALX
GCA_011208605.1,,,BLASTX
GCA_011208605.1,,,BLASTX
GCA_011208605.1,,,EXACTX
GCA_011208605.1,,,BLASTX
GCA_011208605.1,,,BLASTX
GCA_011208605.1,,,PARTIAL_CONTIG_ENDX
GCA_011208605.1,,,BLASTX
GCA_011208605.1,,,EXACTX
GCA_011208605.1,,,BLASTX
GCA_011208605.1,,,BLASTX
GCA_011208605.1,,,PARTIAL_CONTIG_ENDX
GCA_011208605.1,,,PARTIAL_CONTIG_ENDX
GCA_011208605.1,,,BLASTX
GCA_011208605.1,,,INTERNAL_STOP
GCA_011208605.1,,,BLASTX
GCA_011702675.1,,,BLASTX
GCA_011702675.1,,,BLASTX
GCA_011702675.1,,,EXACTX
GCA_011702675.1,,,EXACTX
GCA_011702675.1,,,BLASTX
GCA_011702675.1,,,EXACTX
GCA_011702675.1,,,BLASTX
GCA_011702675.1,,,EXACTX
GCA_011702675.1,,,EXACTX
GCA_011702675.1,,,BLASTX
GCA_011702675.1,,,INTERNAL_STOP
GCA_011702675.1,,,BLASTX
GCA_011702675.1,,,BLASTX
GCA_011702675.1,GOLD,GOLD,EXACTX
GCA_011702675.1,COPPER/GOLD,COPPER/GOLD,BLASTX
GCA_011702675.1,EFFLUX,EFFLUX,BLASTX
GCA_011702675.1,EFFLUX,EFFLUX,BLASTX
GCA_011702675.1,,,BLASTX
GCA_011702675.1,,,BLASTX
GCA_011702675.1,,,BLASTX
GCA_011702675.1,,,BLASTX
GCA_011702675.1,,,BLASTX
GCA_011702675.1,,,BLASTX
GCA_011702675.1,,,EXACTX
GCA_011702675.1,,,EXACTX
GCA_011702675.1,,,EXACTX
GCA_011702675.1,,,BLASTX
GCA_011702675.1,,,PARTIALX
GCA_011702675.1,,,BLASTX
GCA_011702675.1,,,BLASTX
GCA_011702675.1,,,BLASTX
GCA_011702675.1,,,BLASTX
GCA_011702675.1,,,BLASTX
GCA_011702675.1,,,EXACTX
GCA_011702675.1,,,BLASTX
GCA_011702675.1,,,BLASTX
GCA_011702675.1,,,PARTIAL_CONTIG_ENDX
GCA_011702675.1,,,EXACTX
GCA_011702675.1,,,PARTIAL_CONTIG_ENDX
GCA_011702675.1,,,PARTIAL_CONTIG_ENDX
GCA_014067775.1,,,BLASTX
GCA_014067775.1,,,BLASTX
GCA_014067775.1,,,BLASTX
GCA_014067775.1,,,EXACTX
GCA_014067775.1,,,BLASTX
GCA_014067775.1,,,EXACTX
GCA_014067775.1,,,BLASTX
GCA_014067775.1,,,BLASTX
GCA_014067775.1,,,EXACTX
GCA_014067775.1,,,BLASTX
GCA_014067775.1,,,INTERNAL_STOP
GCA_014067775.1,,,BLASTX
GCA_014067775.1,GOLD,GOLD,EXACTX
GCA_014067775.1,COPPER/GOLD,COPPER/GOLD,BLASTX
GCA_014067775.1,EFFLUX,EFFLUX,BLASTX
GCA_014067775.1,EFFLUX,EFFLUX,BLASTX
GCA_014067775.1,,,BLASTX
GCA_014067775.1,,,EXACTX
GCA_014067775.1,,,BLASTX
GCA_014067775.1,,,BLASTX
GCA_014067775.1,,,BLASTX
GCA_014067775.1,,,BLASTX
GCA_014067775.1,,,EXACTX
GCA_014067775.1,,,BLASTX
GCA_014067775.1,,,PARTIALX
GCA_014067775.1,,,PARTIAL_CONTIG_ENDX
GCA_014067775.1,,,BLASTX
GCA_014067775.1,,,EXACTX
GCA_014067775.1,,,BLASTX
GCA_014067775.1,,,BLASTX
GCA_014067775.1,,,EXACTX
GCA_014067775.1,,,BLASTX
GCA_014067775.1,,,PARTIAL_CONTIG_ENDX
GCA_014067775.1,,,BLASTX
GCA_014067775.1,,,EXACTX
GCA_014067775.1,,,BLASTX
GCA_014067775.1,,,PARTIAL_CONTIG_ENDX
GCA_014349365.1,EFFLUX,EFFLUX,BLASTX
GCA_014349365.1,EFFLUX,EFFLUX,BLASTX
GCA_014349365.1,COPPER/GOLD,COPPER/GOLD,BLASTX
GCA_014349365.1,GOLD,GOLD,EXACTX
GCA_014349365.1,,,EXACTX
GCA_014349365.1,,,BLASTX
GCA_014349365.1,,,BLASTX
GCA_014349365.1,,,BLASTX
GCA_014349365.1,,,EXACTX
GCA_014349365.1,,,BLASTX
GCA_014349365.1,,,BLASTX
GCA_014349365.1,,,EXACTX
GCA_014349365.1,,,BLASTX
GCA_014349365.1,,,EXACTX
GCA_014349365.1,,,BLASTX
GCA_014349365.1,,,BLASTX
GCA_014349365.1,,,BLASTX
GCA_014349365.1,,,EXACTX
GCA_014349365.1,,,BLASTX
GCA_014349365.1,,,BLASTX
GCA_014349365.1,,,EXACTX
GCA_014349365.1,,,BLASTX
GCA_014349365.1,,,EXACTX
GCA_014349365.1,,,BLASTX
GCA_014349365.1,,,BLASTX
GCA_014349365.1,,,BLASTX
GCA_014349365.1,,,BLASTX
GCA_014349365.1,,,BLASTX
GCA_014349365.1,,,EXACTX
GCA_014349365.1,,,EXACTX
GCA_014349365.1,,,INTERNAL_STOP
GCA_014349365.1,,,BLASTX
GCA_014349365.1,,,BLASTX
GCA_014349365.1,,,BLASTX
GCA_014349365.1,,,EXACTX
GCA_014349365.1,,,BLASTX
GCA_014349365.1,,,BLASTX
GCA_014349365.1,,,BLASTX
GCA_014349365.1,,,PARTIALX
GCA_014349365.1,,,BLASTX
GCA_017337525.1,,,EXACTX
GCA_017337525.1,,,BLASTX
GCA_017337525.1,,,EXACTX
GCA_017337525.1,,,BLASTX
GCA_017337525.1,,,BLASTX
GCA_017337525.1,,,BLASTX
GCA_017337525.1,,,BLASTX
GCA_017337525.1,,,BLASTX
GCA_017337525.1,,,EXACTX
GCA_017337525.1,,,BLASTX
GCA_017337525.1,,,BLASTX
GCA_017337525.1,,,BLASTX
GCA_017337525.1,,,BLASTX
GCA_017337525.1,,,EXACTX
GCA_017337525.1,GOLD,GOLD,EXACTX
GCA_017337525.1,COPPER/GOLD,COPPER/GOLD,BLASTX
GCA_017337525.1,EFFLUX,EFFLUX,BLASTX
GCA_017337525.1,EFFLUX,EFFLUX,BLASTX
GCA_017337525.1,,,EXACTX
GCA_017337525.1,,,BLASTX
GCA_017337525.1,,,BLASTX
GCA_017337525.1,,,BLASTX
GCA_017337525.1,,,EXACTX
GCA_017337525.1,,,BLASTX
GCA_017337525.1,,,EXACTX
GCA_017337525.1,,,BLASTX
GCA_017337525.1,,,INTERNAL_STOP
GCA_017337525.1,,,BLASTX
GCA_017337525.1,,,BLASTX
GCA_017337525.1,,,BLASTX
GCA_017337525.1,,,BLASTX
GCA_017337525.1,,,BLASTX
GCA_017337525.1,,,PARTIALX
GCA_017337525.1,,,BLASTX
GCA_017337525.1,,,BLASTX
GCA_017337525.1,,,BLASTX
GCA_017337525.1,,,BLASTX
GCA_017337525.1,,,EXACTX
GCA_017337525.1,,,BLASTX
GCA_028890365.1,,,BLASTX
GCA_028890365.1,,,INTERNAL_STOP
GCA_028890365.1,,,EXACTX
GCA_028890365.1,,,BLASTX
GCA_028890365.1,,,EXACTX
GCA_028890365.1,,,BLASTX
GCA_028890365.1,,,EXACTX
GCA_028890365.1,,,BLASTX
GCA_028890365.1,,,BLASTX
GCA_028890365.1,,,EXACTX
GCA_028890365.1,GOLD,GOLD,EXACTX
GCA_028890365.1,COPPER/GOLD,COPPER/GOLD,BLASTX
GCA_028890365.1,EFFLUX,EFFLUX,BLASTX
GCA_028890365.1,EFFLUX,EFFLUX,BLASTX
GCA_028890365.1,,,BLASTX
GCA_028890365.1,,,EXACTX
GCA_028890365.1,,,EXACTX
GCA_028890365.1,,,EXACTX
GCA_028890365.1,,,BLASTX
GCA_028890365.1,,,EXACTX
GCA_028890365.1,,,BLASTX
GCA_028890365.1,,,BLASTX
GCA_028890365.1,,,BLASTX
GCA_028890365.1,,,BLASTX
GCA_028890365.1,,,EXACTX
GCA_028890365.1,,,BLASTX
GCA_028890365.1,,,BLASTX
GCA_028890365.1,,,BLASTX
GCA_028890365.1,,,BLASTX
GCA_028890365.1,,,BLASTX
GCA_028890365.1,BETA-LACTAM,BETA-LACTAM,ALLELEX
GCA_028890365.1,BETA-LACTAM,BETA-LACTAM,ALLELEX
GCA_028890365.1,,,BLASTX
GCA_028890365.1,,,EXACTX
GCA_028890365.1,,,BLASTX
GCA_028890365.1,,,BLASTX
GCA_028890365.1,,,PARTIALX
GCA_028890365.1,,,BLASTX
GCA_028890365.1,,,BLASTX
GCA_028890365.1,,,EXACTX
GCA_028890365.1,,,BLASTX
GCA_028890365.1,,,PARTIAL_CONTIG_ENDX
GCA_028890405.1,,,INTERNAL_STOP
GCA_028890405.1,,,BLASTX
GCA_028890405.1,,,EXACTX
GCA_028890405.1,,,BLASTX
GCA_028890405.1,,,EXACTX
GCA_028890405.1,,,BLASTX
GCA_028890405.1,EFFLUX,EFFLUX,BLASTX
GCA_028890405.1,EFFLUX,EFFLUX,BLASTX
GCA_028890405.1,COPPER/GOLD,COPPER/GOLD,BLASTX
GCA_028890405.1,GOLD,GOLD,EXACTX
GCA_028890405.1,,,EXACTX
GCA_028890405.1,,,BLASTX
GCA_028890405.1,,,BLASTX
GCA_028890405.1,,,EXACTX
GCA_028890405.1,,,BLASTX
GCA_028890405.1,,,EXACTX
GCA_028890405.1,,,BLASTX
GCA_028890405.1,,,EXACTX
GCA_028890405.1,,,EXACTX
GCA_028890405.1,,,BLASTX
GCA_028890405.1,,,EXACTX
GCA_028890405.1,,,BLASTX
GCA_028890405.1,,,BLASTX
GCA_028890405.1,,,BLASTX
GCA_028890405.1,,,BLASTX
GCA_028890405.1,,,EXACTX
GCA_028890405.1,,,BLASTX
GCA_028890405.1,,,BLASTX
GCA_028890405.1,,,BLASTX
GCA_028890405.1,,,BLASTX
GCA_028890405.1,,,PARTIALX
GCA_028890405.1,,,BLASTX
GCA_028890405.1,,,BLASTX
GCA_028890405.1,,,EXACTX
GCA_028890405.1,,,BLASTX
GCA_028890405.1,,,PARTIAL_CONTIG_ENDX
GCA_028890405.1,,,BLASTX
GCA_028890405.1,,,BLASTX
GCA_028890405.1,,,EXACTX
GCA_028890405.1,,,BLASTX
GCA_028890405.1,BETA-LACTAM,BETA-LACTAM,ALLELEX
GCA_028890445.1,,,BLASTX
GCA_028890445.1,,,INTERNAL_STOP
GCA_028890445.1,,,EXACTX
GCA_028890445.1,,,BLASTX
GCA_028890445.1,,,EXACTX
GCA_028890445.1,,,BLASTX
GCA_028890445.1,,,EXACTX
GCA_028890445.1,,,BLASTX
GCA_028890445.1,,,BLASTX
GCA_028890445.1,,,EXACTX
GCA_028890445.1,GOLD,GOLD,EXACTX
GCA_028890445.1,COPPER/GOLD,COPPER/GOLD,BLASTX
GCA_028890445.1,EFFLUX,EFFLUX,BLASTX
GCA_028890445.1,EFFLUX,EFFLUX,BLASTX
GCA_028890445.1,,,BLASTX
GCA_028890445.1,,,EXACTX
GCA_028890445.1,,,EXACTX
GCA_028890445.1,,,BLASTX
GCA_028890445.1,,,EXACTX
GCA_028890445.1,,,BLASTX
GCA_028890445.1,,,BLASTX
GCA_028890445.1,,,BLASTX
GCA_028890445.1,,,BLASTX
GCA_028890445.1,,,EXACTX
GCA_028890445.1,,,BLASTX
GCA_028890445.1,,,EXACTX
GCA_028890445.1,,,BLASTX
GCA_028890445.1,,,BLASTX
GCA_028890445.1,,,BLASTX
GCA_028890445.1,,,BLASTX
GCA_028890445.1,,,PARTIALX
GCA_028890445.1,,,BLASTX
GCA_028890445.1,,,BLASTX
GCA_028890445.1,,,PARTIAL_CONTIG_ENDX
GCA_028890445.1,,,BLASTX
GCA_028890445.1,,,EXACTX
GCA_028890445.1,,,BLASTX
GCA_028890445.1,,,EXACTX
GCA_028890445.1,,,BLASTX
GCA_028890445.1,,,BLASTX
GCA_028890445.1,BETA-LACTAM,BETA-LACTAM,ALLELEX
GCA_032541585.1,,,EXACTX
GCA_032541585.1,,,BLASTX
GCA_032541585.1,,,EXACTX
GCA_032541585.1,,,BLASTX
GCA_032541585.1,,,BLASTX
GCA_032541585.1,,,BLASTX
GCA_032541585.1,,,BLASTX
GCA_032541585.1,,,INTERNAL_STOP
GCA_032541585.1,,,BLASTX
GCA_032541585.1,,,BLASTX
GCA_032541585.1,,,BLASTX
GCA_032541585.1,,,BLASTX
GCA_032541585.1,,,BLASTX
GCA_032541585.1,,,EXACTX
GCA_032541585.1,GOLD,GOLD,EXACTX
GCA_032541585.1,COPPER/GOLD,COPPER/GOLD,BLASTX
GCA_032541585.1,EFFLUX,EFFLUX,BLASTX
GCA_032541585.1,EFFLUX,EFFLUX,BLASTX
GCA_032541585.1,,,BLASTX
GCA_032541585.1,,,EXACTX
GCA_032541585.1,,,PARTIALX
GCA_032541585.1,,,BLASTX
GCA_032541585.1,,,EXACTX
GCA_032541585.1,,,BLASTX
GCA_032541585.1,,,BLASTX
GCA_032541585.1,,,BLASTX
GCA_032541585.1,,,EXACTX
GCA_032541585.1,,,BLASTX
GCA_032541585.1,,,EXACTX
GCA_032541585.1,,,BLASTX
GCA_032541585.1,,,BLASTX
GCA_032541585.1,,,BLASTX
GCA_032541585.1,,,BLASTX
GCA_032541585.1,,,BLASTX
GCA_032541585.1,,,BLASTX
GCA_032541585.1,,,EXACTX
GCA_032541585.1,,,BLASTX
GCA_032541585.1,,,BLASTX
GCA_032592355.1,,,EXACTX
GCA_032592355.1,,,BLASTX
GCA_032592355.1,,,EXACTX
GCA_032592355.1,,,BLASTX
GCA_032592355.1,,,BLASTX
GCA_032592355.1,,,BLASTX
GCA_032592355.1,,,BLASTX
GCA_032592355.1,,,BLASTX
GCA_032592355.1,,,EXACTX
GCA_032592355.1,,,BLASTX
GCA_032592355.1,,,BLASTX
GCA_032592355.1,,,INTERNAL_STOP
GCA_032592355.1,,,BLASTX
GCA_032592355.1,,,BLASTX
GCA_032592355.1,,,BLASTX
GCA_032592355.1,,,BLASTX
GCA_032592355.1,,,EXACTX
GCA_032592355.1,GOLD,GOLD,EXACTX
GCA_032592355.1,COPPER/GOLD,COPPER/GOLD,BLASTX
GCA_032592355.1,EFFLUX,EFFLUX,BLASTX
GCA_032592355.1,EFFLUX,EFFLUX,BLASTX
GCA_032592355.1,,,BLASTX
GCA_032592355.1,,,EXACTX
GCA_032592355.1,,,EXACTX
GCA_032592355.1,,,BLASTX
GCA_032592355.1,,,BLASTX
GCA_032592355.1,,,BLASTX
GCA_032592355.1,,,EXACTX
GCA_032592355.1,,,BLASTX
GCA_032592355.1,,,BLASTX
GCA_032592355.1,,,BLASTX
GCA_032592355.1,,,BLASTX
GCA_032592355.1,,,BLASTX
GCA_032592355.1,,,PARTIALX
GCA_032592355.1,,,BLASTX
GCA_032592355.1,,,EXACTX
GCA_032592355.1,,,BLASTX
GCA_032592355.1,,,BLASTX
GCA_037003325.1,,,EXACTX
GCA_037003325.1,,,BLASTX
GCA_037003325.1,,,BLASTX
GCA_037003325.1,,,BLASTX
GCA_037003325.1,,,EXACTX
GCA_037003325.1,,,BLASTX
GCA_037003325.1,,,EXACTX
GCA_037003325.1,,,BLASTX
GCA_037003325.1,,,BLASTX
GCA_037003325.1,,,INTERNAL_STOP
GCA_037003325.1,,,EXACTX
GCA_037003325.1,,,EXACTX
GCA_037003325.1,,,BLASTX
GCA_037003325.1,,,EXACTX
GCA_037003325.1,,,BLASTX
GCA_037003325.1,,,EXACTX
GCA_037003325.1,,,BLASTX
GCA_037003325.1,,,BLASTX
GCA_037003325.1,,,BLASTX
GCA_037003325.1,,,BLASTX
GCA_037003325.1,,,BLASTX
GCA_037003325.1,,,BLASTX
GCA_037003325.1,,,EXACTX
GCA_037003325.1,GOLD,GOLD,EXACTX
GCA_037003325.1,COPPER/GOLD,COPPER/GOLD,BLASTX
GCA_037003325.1,EFFLUX,EFFLUX,BLASTX
GCA_037003325.1,EFFLUX,EFFLUX,BLASTX
GCA_037003325.1,,,BLASTX
GCA_037003325.1,,,EXACTX
GCA_037003325.1,,,BLASTX
GCA_037003325.1,,,BLASTX
GCA_037003325.1,,,PARTIALX
GCA_037003325.1,,,BLASTX
GCA_037003325.1,,,BLASTX
GCA_037003325.1,,,BLASTX
GCA_037003325.1,,,BLASTX
GCA_037003385.1,,,EXACTX
GCA_037003385.1,,,BLASTX
GCA_037003385.1,,,BLASTX
GCA_037003385.1,,,BLASTX
GCA_037003385.1,,,EXACTX
GCA_037003385.1,,,BLASTX
GCA_037003385.1,,,EXACTX
GCA_037003385.1,,,BLASTX
GCA_037003385.1,,,BLASTX
GCA_037003385.1,,,INTERNAL_STOP
GCA_037003385.1,,,EXACTX
GCA_037003385.1,,,EXACTX
GCA_037003385.1,,,BLASTX
GCA_037003385.1,,,EXACTX
GCA_037003385.1,,,BLASTX
GCA_037003385.1,,,EXACTX
GCA_037003385.1,,,BLASTX
GCA_037003385.1,,,BLASTX
GCA_037003385.1,,,BLASTX
GCA_037003385.1,EFFLUX,EFFLUX,BLASTX
GCA_037003385.1,EFFLUX,EFFLUX,BLASTX
GCA_037003385.1,COPPER/GOLD,COPPER/GOLD,BLASTX
GCA_037003385.1,GOLD,GOLD,EXACTX
GCA_037003385.1,,,EXACTX
GCA_037003385.1,,,BLASTX
GCA_037003385.1,,,BLASTX
GCA_037003385.1,,,BLASTX
GCA_037003385.1,,,BLASTX
GCA_037003385.1,,,EXACTX
GCA_037003385.1,,,BLASTX
GCA_037003385.1,,,PARTIALX
GCA_037003385.1,,,BLASTX
GCA_037003385.1,,,BLASTX
GCA_037003385.1,,,BLASTX
GCA_037003385.1,,,BLASTX
GCA_037003385.1,,,BLASTX
GCA_037003385.1,,,BLASTX
GCA_037003385.1,,,BLASTX
GCA_037003385.1,,,EXACTX
GCA_037003385.1,,,BLASTX
GCA_037003665.1,,,EXACTX
GCA_037003665.1,,,BLASTX
GCA_037003665.1,,,BLASTX
GCA_037003665.1,,,BLASTX
GCA_037003665.1,,,EXACTX
GCA_037003665.1,,,BLASTX
GCA_037003665.1,,,EXACTX
GCA_037003665.1,,,BLASTX
GCA_037003665.1,,,BLASTX
GCA_037003665.1,,,INTERNAL_STOP
GCA_037003665.1,,,EXACTX
GCA_037003665.1,,,EXACTX
GCA_037003665.1,,,BLASTX
GCA_037003665.1,,,EXACTX
GCA_037003665.1,,,BLASTX
GCA_037003665.1,,,EXACTX
GCA_037003665.1,,,BLASTX
GCA_037003665.1,,,BLASTX
GCA_037003665.1,,,BLASTX
GCA_037003665.1,,,BLASTX
GCA_037003665.1,,,BLASTX
GCA_037003665.1,,,BLASTX
GCA_037003665.1,,,EXACTX
GCA_037003665.1,GOLD,GOLD,EXACTX
GCA_037003665.1,COPPER/GOLD,COPPER/GOLD,BLASTX
GCA_037003665.1,EFFLUX,EFFLUX,BLASTX
GCA_037003665.1,EFFLUX,EFFLUX,BLASTX
GCA_037003665.1,,,BLASTX
GCA_037003665.1,,,BLASTX
GCA_037003665.1,,,EXACTX
GCA_037003665.1,,,PARTIALX
GCA_037003665.1,,,BLASTX
GCA_037003665.1,,,BLASTX
GCA_037003665.1,,,BLASTX
GCA_037003665.1,,,BLASTX
GCA_037003665.1,,,BLASTX
GCA_037003665.1,BETA-LACTAM,BETA-LACTAM,ALLELEX
GCA_037003665.1,TRIMETHOPRIM,TRIMETHOPRIM,EXACTX
GCA_037003665.1,AMINOGLYCOSIDE,STREPTOMYCIN,EXACTX
GCA_037003665.1,QUATERNARY AMMONIUM,QUATERNARY AMMONIUM,ALLELEX
GCA_037003665.1,MERCURY,ORGANOMERCURY,EXACTX
GCA_037003665.1,MERCURY,MERCURY,BLASTX
GCA_037003665.1,MERCURY,MERCURY,EXACTX
GCA_037003665.1,MERCURY,MERCURY,BLASTX
GCA_037003745.1,,,EXACTX
GCA_037003745.1,,,BLASTX
GCA_037003745.1,,,BLASTX
GCA_037003745.1,,,BLASTX
GCA_037003745.1,,,EXACTX
GCA_037003745.1,,,BLASTX
GCA_037003745.1,,,EXACTX
GCA_037003745.1,,,BLASTX
GCA_037003745.1,,,BLASTX
GCA_037003745.1,,,INTERNAL_STOP
GCA_037003745.1,,,EXACTX
GCA_037003745.1,,,EXACTX
GCA_037003745.1,,,BLASTX
GCA_037003745.1,,,BLASTX
GCA_037003745.1,,,BLASTX
GCA_037003745.1,,,BLASTX
GCA_037003745.1,,,EXACTX
GCA_037003745.1,,,BLASTX
GCA_037003745.1,,,EXACTX
GCA_037003745.1,,,BLASTX
GCA_037003745.1,,,BLASTX
GCA_037003745.1,,,BLASTX
GCA_037003745.1,,,EXACTX
GCA_037003745.1,GOLD,GOLD,EXACTX
GCA_037003745.1,COPPER/GOLD,COPPER/GOLD,BLASTX
GCA_037003745.1,EFFLUX,EFFLUX,BLASTX
GCA_037003745.1,EFFLUX,EFFLUX,BLASTX
GCA_037003745.1,,,BLASTX
GCA_037003745.1,,,EXACTX
GCA_037003745.1,,,PARTIALX
GCA_037003745.1,,,BLASTX
GCA_037003745.1,,,BLASTX
GCA_037003745.1,,,BLASTX
GCA_037003745.1,,,BLASTX
GCA_037003745.1,,,BLASTX
GCA_037003745.1,,,BLASTX
GCA_037003745.1,,,BLASTX
GCA_037003745.1,,,EXACTX
GCA_037003745.1,,,BLASTX
GCA_037003745.1,BETA-LACTAM,BETA-LACTAM,ALLELEX
GCA_037003745.1,TRIMETHOPRIM,TRIMETHOPRIM,EXACTX
GCA_037003745.1,AMINOGLYCOSIDE,STREPTOMYCIN,EXACTX
GCA_037003745.1,QUATERNARY AMMONIUM,QUATERNARY AMMONIUM,ALLELEX
GCA_037003745.1,MERCURY,ORGANOMERCURY,EXACTX
GCA_037003745.1,MERCURY,MERCURY,BLASTX
GCA_037003745.1,MERCURY,MERCURY,EXACTX
GCA_037003745.1,MERCURY,MERCURY,BLASTX
GCA_037003745.1,,,BLASTX
GCA_037003885.1,,,BLASTX
GCA_037003885.1,,,EXACTX
GCA_037003885.1,,,EXACTX
GCA_037003885.1,,,INTERNAL_STOP
GCA_037003885.1,,,BLASTX
GCA_037003885.1,,,BLASTX
GCA_037003885.1,,,EXACTX
GCA_037003885.1,,,BLASTX
GCA_037003885.1,,,EXACTX
GCA_037003885.1,,,BLASTX
GCA_037003885.1,,,BLASTX
GCA_037003885.1,,,BLASTX
GCA_037003885.1,,,EXACTX
GCA_037003885.1,,,BLASTX
GCA_037003885.1,,,BLASTX
GCA_037003885.1,,,BLASTX
GCA_037003885.1,,,EXACTX
GCA_037003885.1,,,BLASTX
GCA_037003885.1,,,EXACTX
GCA_037003885.1,EFFLUX,EFFLUX,BLASTX
GCA_037003885.1,EFFLUX,EFFLUX,BLASTX
GCA_037003885.1,COPPER/GOLD,COPPER/GOLD,BLASTX
GCA_037003885.1,GOLD,GOLD,EXACTX
GCA_037003885.1,,,EXACTX
GCA_037003885.1,,,BLASTX
GCA_037003885.1,,,BLASTX
GCA_037003885.1,,,BLASTX
GCA_037003885.1,,,BLASTX
GCA_037003885.1,,,EXACTX
GCA_037003885.1,,,BLASTX
GCA_037003885.1,,,BLASTX
GCA_037003885.1,,,PARTIALX
GCA_037003885.1,,,BLASTX
GCA_037003885.1,,,BLASTX
GCA_037003885.1,,,BLASTX
GCA_037003885.1,,,BLASTX
GCA_037003885.1,SULFONAMIDE,SULFONAMIDE,EXACTX
GCA_037003885.1,AMINOGLYCOSIDE,STREPTOMYCIN,EXACTX
GCA_037003885.1,AMINOGLYCOSIDE,STREPTOMYCIN,EXACTX
GCA_037003885.1,BETA-LACTAM,BETA-LACTAM,ALLELEX
GCA_041411215.1,,,BLASTX
GCA_041411215.1,,,EXACTX
GCA_041411215.1,,,EXACTX
GCA_041411215.1,,,BLASTX
GCA_041411215.1,,,EXACTX
GCA_041411215.1,,,BLASTX
GCA_041411215.1,,,BLASTX
GCA_041411215.1,,,BLASTX
GCA_041411215.1,,,PARTIALX
GCA_041411215.1,,,BLASTX
GCA_041411215.1,,,BLASTX
GCA_041411215.1,,,EXACTX
GCA_041411215.1,,,EXACTX
GCA_041411215.1,,,INTERNAL_STOP
GCA_041411215.1,,,BLASTX
GCA_041411215.1,,,BLASTX
GCA_041411215.1,,,EXACTX
GCA_041411215.1,,,BLASTX
GCA_041411215.1,,,EXACTX
GCA_041411215.1,,,BLASTX
GCA_041411215.1,,,BLASTX
GCA_041411215.1,,,BLASTX
GCA_041411215.1,,,EXACTX
GCA_041411215.1,,,BLASTX
GCA_041411215.1,,,BLASTX
GCA_041411215.1,,,BLASTX
GCA_041411215.1,,,EXACTX
GCA_041411215.1,GOLD,GOLD,EXACTX
GCA_041411215.1,COPPER/GOLD,COPPER/GOLD,BLASTX
GCA_041411215.1,EFFLUX,EFFLUX,BLASTX
GCA_041411215.1,EFFLUX,EFFLUX,BLASTX
GCA_041411215.1,,,BLASTX
GCA_041411215.1,,,BLASTX
GCA_041411215.1,,,BLASTX
GCA_041411215.1,,,BLASTX
GCA_041411215.1,,,BLASTX
GCA_041411215.1,,,BLASTX
GCA_041411215.1,,,BLASTX
GCA_041411215.1,,,EXACTX
GCA_041411215.1,,,BLASTX
GCA_041411215.1,BETA-LACTAM,BETA-LACTAM,ALLELEX
GCA_041411215.1,TETRACYCLINE,TETRACYCLINE,EXACTX
GCA_041411215.1,MERCURY,MERCURY,BLASTX
GCA_041411215.1,MERCURY,MERCURY,EXACTX
GCA_041411215.1,MERCURY,MERCURY,BLASTX
GCA_041411215.1,MERCURY,ORGANOMERCURY,EXACTX
GCA_041411215.1,SULFONAMIDE,SULFONAMIDE,EXACTX
GCA_041411215.1,QUATERNARY AMMONIUM,QUATERNARY AMMONIUM,ALLELEX
GCA_041411215.1,AMINOGLYCOSIDE,STREPTOMYCIN,EXACTX
GCA_041411215.1,TRIMETHOPRIM,TRIMETHOPRIM,EXACTX
GCA_045376435.1,,,INTERNAL_STOP
GCA_045376435.1,,,BLASTX
GCA_045376435.1,,,BLASTX
GCA_045376435.1,,,EXACTX
GCA_045376435.1,,,BLASTX
GCA_045376435.1,,,EXACTX
GCA_045376435.1,,,BLASTX
GCA_045376435.1,,,BLASTX
GCA_045376435.1,,,BLASTX
GCA_045376435.1,,,EXACTX
GCA_045376435.1,,,BLASTX
GCA_045376435.1,,,BLASTX
GCA_045376435.1,,,BLASTX
GCA_045376435.1,,,EXACTX
GCA_045376435.1,,,BLASTX
GCA_045376435.1,,,EXACTX
GCA_045376435.1,,,BLASTX
GCA_045376435.1,,,BLASTX
GCA_045376435.1,,,BLASTX
GCA_045376435.1,,,EXACTX
GCA_045376435.1,GOLD,GOLD,EXACTX
GCA_045376435.1,COPPER/GOLD,COPPER/GOLD,BLASTX
GCA_045376435.1,EFFLUX,EFFLUX,BLASTX
GCA_045376435.1,EFFLUX,EFFLUX,BLASTX
GCA_045376435.1,,,EXACTX
GCA_045376435.1,,,BLASTX
GCA_045376435.1,,,EXACTX
GCA_045376435.1,,,EXACTX
GCA_045376435.1,,,BLASTX
GCA_045376435.1,,,BLASTX
GCA_045376435.1,,,BLASTX
GCA_045376435.1,,,PARTIALX
GCA_045376435.1,,,BLASTX
GCA_045376435.1,,,BLASTX
GCA_045376435.1,,,BLASTX
GCA_045376435.1,,,BLASTX
GCA_045376435.1,,,BLASTX
GCA_045376435.1,,,BLASTX
GCA_045376435.1,AMINOGLYCOSIDE,STREPTOMYCIN,EXACTX
GCA_045376435.1,AMINOGLYCOSIDE,STREPTOMYCIN,EXACTX
GCA_045376435.1,SULFONAMIDE,SULFONAMIDE,EXACTX
GCA_045376435.1,BETA-LACTAM,BETA-LACTAM,ALLELEX
GCA_045376435.1,,,EXACTX
GCA_045376435.1,,,BLASTX
GCA_045376635.1,,,BLASTX
GCA_045376635.1,,,BLASTX
GCA_045376635.1,,,EXACTX
GCA_045376635.1,,,BLASTX
GCA_045376635.1,,,EXACTX
GCA_045376635.1,,,BLASTX
GCA_045376635.1,,,BLASTX
GCA_045376635.1,,,INTERNAL_STOP
GCA_045376635.1,,,BLASTX
GCA_045376635.1,,,BLASTX
GCA_045376635.1,,,BLASTX
GCA_045376635.1,,,EXACTX
GCA_045376635.1,,,BLASTX
GCA_045376635.1,,,EXACTX
GCA_045376635.1,EFFLUX,EFFLUX,BLASTX
GCA_045376635.1,EFFLUX,EFFLUX,BLASTX
GCA_045376635.1,COPPER/GOLD,COPPER/GOLD,BLASTX
GCA_045376635.1,GOLD,GOLD,EXACTX
GCA_045376635.1,,,EXACTX
GCA_045376635.1,,,BLASTX
GCA_045376635.1,,,BLASTX
GCA_045376635.1,,,BLASTX
GCA_045376635.1,,,EXACTX
GCA_045376635.1,,,BLASTX
GCA_045376635.1,,,BLASTX
GCA_045376635.1,,,PARTIALX
GCA_045376635.1,,,EXACTX
GCA_045376635.1,,,EXACTX
GCA_045376635.1,,,BLASTX
GCA_045376635.1,,,BLASTX
GCA_045376635.1,,,BLASTX
GCA_045376635.1,,,BLASTX
GCA_045376635.1,,,BLASTX
GCA_045376635.1,,,BLASTX
GCA_045376635.1,,,EXACTX
GCA_045376635.1,,,BLASTX
GCA_045376635.1,,,EXACTX
GCA_045376635.1,,,BLASTX
GCA_045376635.1,AMINOGLYCOSIDE,STREPTOMYCIN,EXACTX
GCA_045376635.1,AMINOGLYCOSIDE,STREPTOMYCIN,EXACTX
GCA_045376635.1,TETRACYCLINE,TETRACYCLINE,EXACTX
GCA_045376635.1,AMINOGLYCOSIDE,STREPTOMYCIN,EXACTX
GCA_045376635.1,AMINOGLYCOSIDE,STREPTOMYCIN,EXACTX
GCA_045376635.1,SULFONAMIDE,SULFONAMIDE,EXACTX
GCA_045376635.1,,,BLASTX
GCA_045376635.1,,,BLASTX
GCA_045376635.1,BETA-LACTAM,BETA-LACTAM,ALLELEX
GCA_046024395.1,,,BLASTX
GCA_046024395.1,,,EXACTX
GCA_046024395.1,,,INTERNAL_STOP
GCA_046024395.1,,,BLASTX
GCA_046024395.1,,,BLASTX
GCA_046024395.1,,,EXACTX
GCA_046024395.1,,,BLASTX
GCA_046024395.1,,,EXACTX
GCA_046024395.1,,,BLASTX
GCA_046024395.1,,,BLASTX
GCA_046024395.1,,,BLASTX
GCA_046024395.1,,,EXACTX
GCA_046024395.1,,,EXACTX
GCA_046024395.1,,,BLASTX
GCA_046024395.1,,,EXACTX
GCA_046024395.1,,,BLASTX
GCA_046024395.1,,,BLASTX
GCA_046024395.1,,,BLASTX
GCA_046024395.1,,,EXACTX
GCA_046024395.1,,,BLASTX
GCA_046024395.1,,,BLASTX
GCA_046024395.1,,,EXACTX
GCA_046024395.1,GOLD,GOLD,EXACTX
GCA_046024395.1,COPPER/GOLD,COPPER/GOLD,BLASTX
GCA_046024395.1,EFFLUX,EFFLUX,BLASTX
GCA_046024395.1,EFFLUX,EFFLUX,BLASTX
GCA_046024395.1,,,BLASTX
GCA_046024395.1,,,BLASTX
GCA_046024395.1,,,EXACTX
GCA_046024395.1,,,BLASTX
GCA_046024395.1,,,BLASTX
GCA_046024395.1,,,BLASTX
GCA_046024395.1,,,BLASTX
GCA_046024395.1,,,BLASTX
GCA_046024395.1,,,PARTIALX
